patient_id,timestamp,age,sex,bmi,systolic_bp,diastolic_bp,cholesterol,family_history,smoker,diabetes,hrv_mean,resting_hr_mean,mean_hr,sleep_hours,sleep_efficiency,daily_steps,activity_score,hrv_drop_frome_baseline,sleep_drop_from_baseline,step_drop_from_baseline,resting_hr_rise_from_baseline
PID_001,2026-10-10 20:46:28,63,M,23.9,120,80,162,1,0,1,43.33,64.69,75.69,8.69,0.93,9933,73,-0.33,-0.55,387,3.69
PID_002,2026-10-10 20:46:28,53,F,20.5,110,77,236,0,0,0,49.98,69.86,82.86,6.86,0.94,8628,79,-0.98,0.52,-248,-2.14
PID_003,2026-10-10 20:46:28,39,M,24.4,128,79,180,0,0,0,56.58,61.95,76.95,7.56,0.87,8235,77,-0.58,-0.31,-77,-3.05
PID_004,2026-10-10 20:46:28,67,F,33.5,113,76,210,0,1,1,53.91,62.62,78.62,6.9,0.87,8958,88,-4.91,0.53,140,-1.38
PID_005,2026-10-10 20:46:28,32,F,23.0,128,76,236,0,0,1,54.72,59.91,78.91,6.79,0.91,8597,87,1.28,0.31,160,-0.09
PID_006,2026-10-10 20:46:28,45,F,29.2,120,81,234,0,0,1,57.94,65.49,77.49,8.95,0.89,6982,65,1.06,-0.96,-269,0.49
PID_007,2026-10-10 20:46:28,63,M,18.5,117,76,208,0,0,0,61.75,64.52,76.52,7.41,0.93,6689,88,1.25,0.1,-486,-0.48
PID_008,2026-10-10 20:46:28,43,M,24.3,120,84,175,1,0,0,42.89,75.7,94.7,7.07,0.94,9848,70,1.11,-0.11,-260,0.7
PID_009,2026-10-10 20:46:28,47,M,23.5,113,77,199,0,0,0,71.73,60.5,75.5,8.73,0.89,7588,89,1.27,-0.44,-468,-2.5
PID_010,2026-10-10 20:46:28,35,M,21.2,126,70,222,1,0,0,47.38,72.89,84.89,7.52,0.87,4914,61,-2.38,-0.25,52,2.89
PID_011,2026-10-10 20:46:28,35,F,27.3,116,73,183,0,0,1,43.84,67.84,78.84,7.66,0.93,9286,87,-2.84,-0.08,-342,-0.16
PID_012,2026-10-10 20:46:28,48,M,26.5,117,82,251,0,0,0,50.86,64.23,81.23,8.5,0.88,9537,82,1.14,-0.18,-334,2.23
PID_013,2026-10-10 20:46:28,60,M,29.9,112,75,255,0,0,0,48.34,78.69,92.69,8.95,0.93,7111,78,1.66,-1.2,321,0.69
PID_014,2026-10-10 20:46:28,64,M,22.9,111,78,243,0,0,1,62.94,67.91,77.91,6.7,0.89,4889,78,-0.94,0.03,-201,0.91
PID_015,2026-10-10 20:46:28,48,M,22.5,124,82,151,1,0,0,53.9,65.14,77.14,8.48,0.92,8149,64,1.1,-0.1,94,1.14
PID_016,2026-10-10 20:46:28,27,M,21.3,114,71,169,0,0,0,71.27,63.9,82.9,8.28,0.86,7866,78,-1.27,-0.53,-165,0.9
PID_017,2026-10-10 20:46:28,46,F,22.1,110,70,201,0,0,0,50.41,66.29,83.29,7.72,0.91,4036,61,-0.41,-0.55,305,1.29
PID_018,2026-10-10 20:46:28,26,M,27.7,113,82,152,0,1,0,51.97,63.66,76.66,7.37,0.9,10584,69,3.03,-0.59,35,2.66
PID_019,2026-10-10 20:46:28,48,F,25.2,124,79,239,1,0,1,50.1,79.39,95.39,8.41,0.91,8992,84,-3.1,-0.32,190,0.39
PID_020,2026-10-10 20:46:28,68,M,19.6,129,81,226,0,0,0,46.59,71.42,90.42,7.17,0.87,5485,61,-3.59,0.57,239,1.42
PID_021,2026-10-10 20:46:28,54,F,22.7,128,83,214,1,0,0,77.77,62.82,73.82,8.38,0.92,9397,89,1.23,-0.82,82,-0.18
PID_022,2026-10-10 20:46:28,62,M,22.6,112,71,239,0,1,0,42.22,76.88,92.88,7.71,0.94,10609,70,0.78,0.57,95,2.88
PID_023,2026-10-10 20:46:28,26,M,30.0,129,76,153,0,0,0,64.57,63.65,77.65,8.23,0.87,8860,77,-0.57,-0.15,-438,-1.35
PID_024,2026-10-10 20:46:28,45,F,30.3,120,72,249,1,0,1,42.67,79.6,93.6,6.43,0.86,5434,88,-0.67,0.38,358,3.6
PID_025,2026-10-10 20:46:28,57,F,20.9,126,79,157,1,0,1,72.32,64.92,79.92,7.09,0.85,5600,83,-1.32,0.03,159,-0.08
PID_026,2026-10-10 20:46:28,36,F,35.0,122,71,206,1,0,0,46.02,75.14,93.14,7.16,0.91,7027,74,-4.02,-0.16,185,-2.86
PID_027,2026-10-10 20:46:28,46,M,22.9,120,83,168,0,1,1,65.65,61.26,76.26,8.15,0.91,4589,68,0.35,-0.16,400,0.26
PID_028,2026-10-10 20:46:28,68,F,34.6,111,80,247,0,1,0,66.4,72.64,89.64,6.78,0.9,6005,82,1.6,-0.21,257,-1.36
PID_029,2026-10-10 20:46:28,49,M,25.3,118,76,203,0,0,0,68.24,71.68,87.68,8.45,0.87,6471,78,2.76,-0.81,11,1.68
PID_030,2026-10-10 20:46:28,73,M,19.0,111,82,187,1,0,0,56.54,65.69,83.69,8.25,0.89,4462,68,1.46,-0.23,489,-1.31
PID_031,2026-10-10 20:46:28,51,F,24.2,118,82,221,0,1,0,59.93,77.11,90.11,8.13,0.91,4460,62,0.07,0.12,262,-0.89
PID_032,2026-10-10 20:46:28,66,F,29.0,118,71,222,0,0,0,47.59,68.22,79.22,7.67,0.9,7449,80,-3.59,-0.48,-60,-3.78
PID_033,2026-10-10 20:46:28,52,M,29.7,117,72,231,0,0,0,55.96,70.1,86.1,8.74,0.95,5620,68,1.04,-0.59,459,-0.9
PID_035,2026-10-10 20:46:28,39,F,25.9,110,76,237,0,0,0,60.97,61.83,71.83,8.49,0.92,6425,89,0.03,-0.3,-93,-3.17
PID_036,2026-10-10 20:46:28,71,F,27.6,120,83,223,0,1,0,62.38,64.52,82.52,7.11,0.89,7304,73,-2.38,-0.35,72,1.52
PID_037,2026-10-10 20:46:28,68,F,28.3,117,73,221,0,1,0,50.05,79.57,97.57,7.15,0.89,8826,78,-5.05,0.15,-302,1.57
PID_038,2026-10-10 20:46:28,27,M,19.8,119,82,256,1,1,0,38.94,79.85,90.85,8.78,0.92,5157,66,1.06,-0.69,343,0.85
PID_039,2026-10-10 20:46:28,61,M,24.6,116,83,148,1,0,0,43.02,58.07,70.07,6.72,0.92,4000,75,0.98,0.08,285,-1.93
PID_040,2026-10-10 20:46:28,31,M,22.5,112,70,204,0,1,0,53.09,78.9,92.9,7.02,0.95,11480,75,-2.09,-0.06,-169,-0.1
PID_041,2026-10-10 20:46:28,45,M,31.8,112,82,194,0,0,0,66.36,75.99,89.99,7.86,0.86,7456,87,-1.36,0.09,39,-0.01
PID_042,2026-10-10 20:46:28,33,M,26.3,127,83,228,0,0,0,76.69,68.68,78.68,7.95,0.86,10819,60,-3.69,-0.01,367,-2.32
PID_043,2026-10-10 20:46:28,63,M,34.7,114,74,148,0,0,0,54.17,77.01,94.01,7.23,0.92,5631,63,-1.17,0.55,434,3.01
PID_044,2026-10-10 20:46:28,42,F,25.1,121,81,215,0,1,0,64.28,61.75,78.75,7.17,0.91,5115,63,0.72,0.72,-347,1.75
PID_045,2026-10-10 20:46:28,28,M,32.0,121,78,216,0,1,0,67.18,72.56,85.56,8.38,0.88,10239,66,-1.18,-0.8,494,-0.44
PID_046,2026-10-10 20:46:28,49,M,31.7,128,77,258,0,0,0,50.22,65.05,81.05,6.58,0.86,9937,67,-2.22,0.42,-447,0.05
PID_047,2026-10-10 20:46:28,38,M,21.0,115,81,182,1,1,0,66.64,64.42,83.42,6.7,0.86,11367,76,-1.64,0.5,-25,0.42
PID_048,2026-10-10 20:46:28,74,F,26.9,111,84,178,0,0,0,62.01,65.92,77.92,5.79,0.94,6629,64,-1.01,1.08,428,-4.08
PID_049,2026-10-10 20:46:28,33,M,30.0,121,78,237,1,0,0,71.13,62.51,77.51,8.0,0.87,8187,66,-2.13,0.32,102,-0.49
PID_050,2026-10-10 20:46:28,50,M,32.7,128,79,241,0,0,0,58.34,70.64,89.64,7.01,0.88,10549,87,-2.34,0.66,96,-1.36
PID_051,2026-10-10 20:46:28,26,F,23.9,114,83,216,0,0,0,67.76,68.0,87.0,8.12,0.87,9257,79,-2.76,-0.82,-174,-2.0
PID_052,2026-10-10 20:46:28,44,M,22.1,121,78,191,0,0,1,76.3,61.44,79.44,7.93,0.89,9309,88,-1.3,-0.5,-77,-0.56
PID_053,2026-10-10 20:46:28,52,M,30.2,126,84,177,0,0,0,39.67,63.6,73.6,8.05,0.86,6519,79,0.33,0.34,-358,3.6
PID_054,2026-10-10 20:46:28,71,M,31.9,126,76,179,0,0,0,47.29,66.28,80.28,7.93,0.9,6922,63,-0.29,-1.13,371,1.28
PID_055,2026-10-10 20:46:28,31,M,24.3,119,73,206,0,0,0,76.41,75.86,88.86,8.16,0.86,10227,87,-2.41,-0.49,-430,-1.14
PID_056,2026-10-10 20:46:28,68,M,20.1,126,74,153,0,0,1,52.37,70.15,87.15,7.35,0.93,4911,65,1.63,0.16,35,1.15
PID_057,2026-10-10 20:46:28,32,F,34.0,124,70,202,0,0,1,61.74,66.8,76.8,6.47,0.87,8631,66,-0.74,1.25,295,2.8
PID_058,2026-10-10 20:46:28,71,F,25.1,121,83,161,0,0,0,52.21,70.85,88.85,7.68,0.9,12098,77,0.79,-1.15,-287,1.85
PID_059,2026-10-10 20:46:28,59,F,27.0,125,70,214,0,0,0,65.06,71.12,86.12,7.55,0.94,10493,64,-0.06,0.69,-477,0.12
PID_060,2026-10-10 20:46:28,38,M,32.3,128,72,208,0,0,0,69.56,59.71,72.71,7.54,0.92,7602,79,-2.56,0.82,-267,-1.29
PID_061,2026-10-10 20:46:28,41,M,29.6,117,82,255,0,0,0,62.38,73.4,91.4,8.14,0.9,10833,89,-0.38,-0.51,235,1.4
PID_062,2026-10-10 20:46:28,60,M,30.6,126,83,158,1,0,0,53.09,67.79,81.79,9.11,0.88,8186,88,-0.09,-1.22,-36,0.79
PID_063,2026-10-10 20:46:28,74,F,21.9,114,77,247,0,0,0,60.28,62.79,76.79,9.04,0.88,12271,62,2.72,-0.69,-461,1.79
PID_064,2026-10-10 20:46:28,64,M,27.4,125,83,239,0,1,1,42.49,80.27,94.27,8.2,0.92,9187,66,-1.49,-0.28,-292,1.27
PID_065,2026-10-10 20:46:28,28,M,30.0,115,71,207,0,0,0,66.29,62.1,72.1,7.1,0.95,8625,86,-1.29,-0.3,248,2.1
PID_066,2026-10-10 20:46:28,26,F,22.3,117,73,165,0,0,0,57.33,62.93,72.93,8.08,0.92,5802,87,-4.33,-0.43,-321,-1.07
PID_067,2026-10-10 20:46:28,30,M,21.4,127,71,201,0,1,0,45.38,70.63,87.63,8.09,0.91,5689,81,0.62,-0.38,212,2.63
PID_068,2026-10-10 20:46:28,66,F,34.7,121,83,172,0,0,1,42.44,76.4,93.4,7.49,0.92,9968,73,-0.44,-0.14,337,0.4
PID_069,2026-10-10 20:46:28,28,F,27.0,124,74,224,1,0,1,62.5,72.15,87.15,8.02,0.9,7045,66,-0.5,-0.05,406,4.15
PID_070,2026-10-10 20:46:28,53,F,22.8,118,78,249,1,0,0,60.15,68.62,81.62,8.34,0.86,8345,64,-3.15,0.03,-281,-1
PID_071,2026-10-10 20:46:28,42,M,34.9,122,70,238,1,0,0,76.81,77.47,88.47,7.97,0.91,10562,88,0.19,0.38,-332,3.47
PID_072,2026-10-10 20:46:28,50,M,34.4,124,74,161,0,0,0,74.56,65.4,76.4,7.26,0.95,3663,81,-0.56,0.14,391,0.4
PID_073,2026-10-10 20:46:28,68,M,27.7,119,83,218,0,0,0,55.22,60.7,78.7,5.88,0.87,11478,64,-1.22,0.85,165,-1.3
PID_074,2026-10-10 20:46:28,58,M,33.1,125,84,224,0,0,0,64.37,75.03,89.03,8.42,0.92,6144,89,-0.37,0.05,-321,-0.97
PID_075,2026-10-10 20:46:28,34,M,21.6,116,78,196,0,0,0,75.11,63.36,76.36,7.68,0.87,9034,82,0.89,0.49,263,-0.64
PID_076,2026-10-10 20:46:28,60,M,23.1,126,84,247,0,1,0,67.39,71.85,90.85,6.2,0.9,7342,61,-0.39,0.55,120,0.85
PID_077,2026-10-10 20:46:28,38,M,30.1,116,70,186,1,0,0,51.15,78.05,88.05,8.43,0.86,11451,89,-2.15,-0.09,65,1.05
PID_078,2026-10-10 20:46:28,55,F,32.5,123,78,216,0,0,0,75.95,71.85,87.85,8.94,0.9,7477,86,2.05,-0.7,-398,-1.15
PID_079,2026-10-10 20:46:28,72,M,32.6,124,77,247,1,0,0,56.27,69.95,81.95,8.0,0.93,4814,80,-0.27,-0.46,18,-0.05
PID_080,2026-10-10 20:46:28,39,F,25.2,116,73,191,0,0,0,76.6,72.28,87.28,6.9,0.88,8844,81,1.4,0.79,-436,4.28
PID_081,2026-10-10 20:46:28,32,M,33.1,118,81,200,1,0,0,63.39,64.46,78.46,6.8,0.92,7207,65,-2.39,0.49,-401,3.46
PID_082,2026-10-10 20:46:28,38,M,32.5,128,80,246,0,0,0,61.95,71.87,85.87,7.08,0.93,9478,74,3.05,-0.47,476,0.87
PID_083,2026-10-10 20:46:28,47,M,33.9,125,79,235,0,0,0,62.88,62.08,76.08,6.68,0.94,10255,80,1.12,0.49,-152,0.08
PID_084,2026-10-10 20:46:28,64,F,31.5,117,74,179,0,0,0,56.75,62.24,72.24,7.99,0.87,9718,69,-0.75,0.11,384,0.24
PID_085,2026-10-10 20:46:28,45,F,29.5,127,82,227,0,0,0,55.13,61.23,71.23,6.78,0.89,6471,82,-3.13,-0.28,19,1.23
PID_086,2026-10-10 20:46:28,40,F,28.1,127,74,245,0,0,0,58.87,64.95,76.95,6.68,0.87,9777,85,0.13,0.48,109,-2.05
PID_087,2026-10-10 20:46:28,69,F,24.6,129,80,203,1,0,0,62.89,66.49,85.49,7.35,0.95,4743,83,1.11,-0.05,-416,-0.51
PID_088,2026-10-10 20:46:28,42,M,34.0,116,81,212,1,0,0,46.76,66.66,79.66,6.91,0.94,11714,66,-3.76,0.67,-493,-3.34
PID_089,2026-10-10 20:46:28,71,F,34.6,112,75,252,0,1,1,46.1,68.8,82.8,8.04,0.9,11367,64,2.9,0.3,-463,0.8
PID_090,2026-10-10 20:46:28,48,M,23.2,127,76,203,0,1,0,37.6,65.29,76.29,7.35,0.93,7346,60,4.4,-0.16,-36,1.29
PID_091,2026-10-10 20:46:28,50,M,23.5,119,77,183,0,0,0,57.88,72.03,89.03,6.4,0.9,6878,72,-0.88,0.8,422,-0.97
PID_092,2026-10-10 20:46:28,49,F,26.5,116,84,249,1,1,1,74.0,65.15,76.15,8.2,0.91,10801,80,1.0,-0.22,-79,3.15
PID_093,2026-10-10 20:46:28,69,F,25.9,126,83,236,0,0,0,58.96,61.55,79.55,7.39,0.86,10890,85,2.04,0.01,328,-2.45
PID_094,2026-10-10 20:46:28,65,F,34.9,123,77,229,0,0,1,74.42,61.07,72.07,7.23,0.93,12231,77,-1.42,-0.28,-455,-2.93
PID_095,2026-10-10 20:46:28,53,F,21.4,112,80,183,0,0,0,47.49,78.45,96.45,7.52,0.86,7186,72,-0.49,-0.11,489,0.45
PID_096,2026-10-10 20:46:28,39,F,18.8,121,83,250,0,0,0,77.87,75.09,91.09,7.46,0.93,7353,80,1.13,-0.68,-299,2.09
PID_097,2026-10-10 20:46:28,69,F,26.6,122,82,204,0,0,0,55.44,66.37,83.37,6.92,0.93,9010,80,2.56,-0.06,373,3.37
PID_098,2026-10-10 20:46:28,25,F,21.5,111,71,229,0,0,0,77.74,71.08,82.08,7.28,0.92,11692,77,-1.74,0.21,-107,-0.92
PID_099,2026-10-10 20:46:28,49,F,24.5,112,78,158,1,0,0,46.3,71.16,87.16,7.4,0.85,11561,64,-1.3,-0.06,409,2.16
PID_100,2026-10-10 20:46:28,31,M,30.8,114,76,174,0,0,1,64.8,76.92,91.92,8.6,0.88,6295,72,0.2,-0.27,-152,-0.08
