patient_id,name,age,sex,bmi,systolic_bp,diastolic_bp,cholesterol,ldl,hdl,fasting_glucose,hba1c,family_history,smoker,diabetes,diagnosis,medications,timestamp,hrv_mean,resting_hr_mean,mean_hr,sleep_hours,sleep_efficiency,daily_steps,activity_score
1,Synthetic Patient 001,71,M,32.8,111,73,220,136.4,44.0,113,5.6,0,1,0,Cardiovascular risk monitoring,,2026-10-10T02:00:00+00:00,67.51,67.8,91.68,7.92,0.938,7113,69.63
1,Synthetic Patient 001,71,M,32.8,120,87,220,136.4,44.0,113,5.6,0,1,0,Hypertension,,2026-10-10T08:00:00+00:00,44.62,78.94,94.36,6.72,0.8,3147,42.35
1,Synthetic Patient 001,71,M,32.8,104,70,220,136.4,44.0,113,5.6,0,1,0,Cardiovascular risk monitoring,,2026-10-10T14:00:00+00:00,70.84,60.94,85.49,8.28,0.99,10592,91.49
1,Synthetic Patient 001,71,M,32.8,119,74,220,136.4,44.0,113,5.6,0,1,0,Cardiovascular risk monitoring,,2026-10-10T20:00:00+00:00,57.65,73.02,84.0,9.24,0.736,3766,44.04
2,Synthetic Patient 002,37,M,23.6,111,80,165,102.3,33.0,85,5.6,0,1,0,Hypertension,,2026-10-10T02:00:00+00:00,73.31,74.71,91.78,8.4,0.893,7707,71.75
2,Synthetic Patient 002,37,M,23.6,129,90,165,102.3,33.0,85,5.6,0,1,0,Hypertension,,2026-10-10T08:00:00+00:00,55.27,84.72,98.7,6.78,0.632,6511,56.93
2,Synthetic Patient 002,37,M,23.6,109,78,165,102.3,33.0,85,5.6,0,1,0,Cardiovascular risk monitoring,,2026-10-10T14:00:00+00:00,82.89,67.38,82.62,9.59,0.914,9924,85.32
2,Synthetic Patient 002,37,M,23.6,125,78,165,102.3,33.0,85,5.6,0,1,0,Cardiovascular risk monitoring,,2026-10-10T20:00:00+00:00,80.25,72.33,83.54,6.87,0.931,6619,66.54
3,Synthetic Patient 003,65,M,27.6,117,80,166,102.9,33.2,89,5.6,0,0,0,Hypertension,,2026-10-10T02:00:00+00:00,51.81,66.29,80.19,7.14,0.848,8298,73.84
3,Synthetic Patient 003,65,M,27.6,137,92,166,102.9,33.2,89,5.6,0,0,0,Hypertension,,2026-10-10T08:00:00+00:00,38.97,77.41,100.07,4.92,0.643,6616,57.89
3,Synthetic Patient 003,65,M,27.6,110,78,166,102.9,33.2,89,5.6,0,0,0,Cardiovascular risk monitoring,,2026-10-10T14:00:00+00:00,59.48,61.42,76.64,8.28,0.866,11030,90.32
3,Synthetic Patient 003,65,M,27.6,135,73,166,102.9,33.2,89,5.6,0,0,0,Hypertension,,2026-10-10T20:00:00+00:00,39.8,71.42,82.81,6.87,0.659,6233,56.14
4,Synthetic Patient 004,62,F,31.8,127,81,209,129.6,41.8,128,6.7,1,0,1,Hypertension,,2026-10-10T02:00:00+00:00,57.68,57.56,68.41,6.77,0.927,4556,54.37
4,Synthetic Patient 004,62,F,31.8,147,94,209,129.6,41.8,128,6.7,1,0,1,Hypertension,,2026-10-10T08:00:00+00:00,47.54,71.88,86.46,4.89,0.74,2384,36.11
4,Synthetic Patient 004,62,F,31.8,119,74,209,129.6,41.8,128,6.7,1,0,1,Cardiovascular risk monitoring,,2026-10-10T14:00:00+00:00,70.32,53.82,65.12,7.02,0.964,7397,72.08
4,Synthetic Patient 004,62,F,31.8,138,76,209,129.6,41.8,128,6.7,1,0,1,Hypertension,,2026-10-10T20:00:00+00:00,64.31,66.19,78.73,7.59,0.739,7397,65.33
5,Synthetic Patient 005,72,M,20.6,127,79,221,137.0,44.2,119,6.7,1,0,1,Cardiovascular risk monitoring,,2026-10-10T02:00:00+00:00,55.36,67.33,91.83,8.25,0.855,7969,72.15
5,Synthetic Patient 005,72,M,20.6,139,89,221,137.0,44.2,119,6.7,1,0,1,Hypertension,,2026-10-10T08:00:00+00:00,33.07,78.38,94.22,7.4,0.767,5969,57.84
5,Synthetic Patient 005,72,M,20.6,124,75,221,137.0,44.2,119,6.7,1,0,1,Cardiovascular risk monitoring,,2026-10-10T14:00:00+00:00,62.07,63.81,76.34,9.22,0.893,10967,90.76
5,Synthetic Patient 005,72,M,20.6,129,97,221,137.0,44.2,119,6.7,1,0,1,Hypertension,,2026-10-10T20:00:00+00:00,43.72,73.62,89.43,8.55,0.773,8256,71.35
6,Synthetic Patient 006,49,F,27.8,128,82,240,148.8,48.0,107,5.7,0,1,0,Hypertension,,2026-10-10T02:00:00+00:00,38.35,60.3,71.74,8.15,0.914,11369,93.75
6,Synthetic Patient 006,49,F,27.8,138,92,240,148.8,48.0,107,5.7,0,1,0,Hypertension,,2026-10-10T08:00:00+00:00,28.29,70.03,90.93,6.45,0.664,8920,71.95
6,Synthetic Patient 006,49,F,27.8,119,75,240,148.8,48.0,107,5.7,0,1,0,Cardiovascular risk monitoring,,2026-10-10T14:00:00+00:00,51.95,54.09,73.77,8.64,0.923,15079,100
6,Synthetic Patient 006,49,F,27.8,136,82,240,148.8,48.0,107,5.7,0,1,0,Hypertension,,2026-10-10T20:00:00+00:00,30.13,51.68,69.41,9.02,0.883,10666,88.72
7,Synthetic Patient 007,53,F,33.7,116,81,217,134.5,43.4,99,5.7,0,0,0,Hypertension,,2026-10-10T02:00:00+00:00,39.28,63.38,85.18,7.26,0.87,10151,85.31
7,Synthetic Patient 007,53,F,33.7,142,91,217,134.5,43.4,99,5.7,0,0,0,Hypertension,,2026-10-10T08:00:00+00:00,22.28,75.15,87.71,6.38,0.645,8132,66.79
7,Synthetic Patient 007,53,F,33.7,112,76,217,134.5,43.4,99,5.7,0,0,0,Cardiovascular risk monitoring,,2026-10-10T14:00:00+00:00,52.07,57.01,76.93,7.76,0.928,13497,100
7,Synthetic Patient 007,53,F,33.7,113,96,217,134.5,43.4,99,5.7,0,0,0,Hypertension,,2026-10-10T20:00:00+00:00,23.16,65.23,77.86,7.66,0.962,12115,99.52
8,Synthetic Patient 008,62,M,23.1,113,79,246,152.5,49.2,111,5.8,1,0,0,Cardiovascular risk monitoring,,2026-10-10T02:00:00+00:00,45.39,75.85,100.66,6.61,0.873,11007,90.38
8,Synthetic Patient 008,62,M,23.1,136,84,246,152.5,49.2,111,5.8,1,0,0,Hypertension,,2026-10-10T08:00:00+00:00,27.26,87.71,99.39,5.01,0.654,8991,72.05
8,Synthetic Patient 008,62,M,23.1,106,78,246,152.5,49.2,111,5.8,1,0,0,Cardiovascular risk monitoring,,2026-10-10T14:00:00+00:00,58.22,68.59,88.03,7.5,0.916,12681,100
8,Synthetic Patient 008,62,M,23.1,127,81,246,152.5,49.2,111,5.8,1,0,0,Hypertension,,2026-10-10T20:00:00+00:00,62.04,68.72,93.61,5.16,0.928,10081,86.65
9,Synthetic Patient 009,67,M,27.7,110,85,212,131.4,42.4,110,5.2,1,1,0,Hypertension,,2026-10-10T02:00:00+00:00,63.4,70.98,89.71,6.62,0.914,6067,62.81
9,Synthetic Patient 009,67,M,27.7,123,101,212,131.4,42.4,110,5.2,1,1,0,Hypertension,,2026-10-10T08:00:00+00:00,45.44,83.56,101.2,4.93,0.617,4947,47.35
9,Synthetic Patient 009,67,M,27.7,108,82,212,131.4,42.4,110,5.2,1,1,0,Hypertension,,2026-10-10T14:00:00+00:00,74.66,68.47,81.42,7.71,0.983,10403,90.17
9,Synthetic Patient 009,67,M,27.7,109,77,212,131.4,42.4,110,5.2,1,1,0,Cardiovascular risk monitoring,,2026-10-10T20:00:00+00:00,53.89,66.28,78.0,5.02,0.714,8800,72.75
10,Synthetic Patient 010,64,F,22.6,126,70,172,106.6,34.4,115,5.8,0,0,0,Cardiovascular risk monitoring,,2026-10-10T02:00:00+00:00,73.53,74.24,92.47,8.22,0.827,6006,59.86
10,Synthetic Patient 010,64,F,22.6,147,83,172,106.6,34.4,115,5.8,0,0,0,Hypertension,,2026-10-10T08:00:00+00:00,51.54,89.62,101.79,7.39,0.724,1716,31.73
10,Synthetic Patient 010,64,F,22.6,121,65,172,106.6,34.4,115,5.8,0,0,0,Cardiovascular risk monitoring,,2026-10-10T14:00:00+00:00,77.51,69.58,88.93,9.22,0.873,9236,80.08
10,Synthetic Patient 010,64,F,22.6,119,86,172,106.6,34.4,115,5.8,0,0,0,Hypertension,,2026-10-10T20:00:00+00:00,66.78,86.4,100.85,6.59,0.815,3819,46.74
11,Synthetic Patient 011,63,F,31.9,120,66,174,107.9,34.8,115,5.4,1,0,0,Cardiovascular risk monitoring,,2026-10-10T02:00:00+00:00,73.51,77.79,91.79,6.35,0.813,7399,67.54
11,Synthetic Patient 011,63,F,31.9,140,81,174,107.9,34.8,115,5.4,1,0,0,Hypertension,,2026-10-10T08:00:00+00:00,59.86,85.84,110.47,4.66,0.784,3524,44.06
11,Synthetic Patient 011,63,F,31.9,116,65,174,107.9,34.8,115,5.4,1,0,0,Cardiovascular risk monitoring,,2026-10-10T14:00:00+00:00,82.17,70.45,94.14,7.31,0.927,12381,100
11,Synthetic Patient 011,63,F,31.9,117,64,174,107.9,34.8,115,5.4,1,0,0,Cardiovascular risk monitoring,,2026-10-10T20:00:00+00:00,69.97,71.42,90.91,6.76,0.913,8247,75.51
12,Synthetic Patient 012,50,F,33.6,123,80,212,131.4,42.4,103,5.7,0,0,0,Hypertension,,2026-10-10T02:00:00+00:00,50.78,70.16,94.93,7.72,0.864,4069,49.65
12,Synthetic Patient 012,50,F,33.6,144,96,212,131.4,42.4,103,5.7,0,0,0,Hypertension,,2026-10-10T08:00:00+00:00,28.82,78.55,94.32,5.4,0.617,1951,29.9
12,Synthetic Patient 012,50,F,33.6,113,76,212,131.4,42.4,103,5.7,0,0,0,Cardiovascular risk monitoring,,2026-10-10T14:00:00+00:00,55.02,66.75,82.24,8.25,0.868,7028,67.03
12,Synthetic Patient 012,50,F,33.6,143,83,212,131.4,42.4,103,5.7,0,0,0,Hypertension,,2026-10-10T20:00:00+00:00,51.3,80.81,91.55,6.4,0.837,7061,66.29
13,Synthetic Patient 013,41,F,19.7,125,67,237,146.9,47.4,99,5.2,1,0,0,Cardiovascular risk monitoring,,2026-10-10T02:00:00+00:00,58.14,74.28,94.5,7.39,0.896,11336,93.0
13,Synthetic Patient 013,41,F,19.7,138,72,237,146.9,47.4,99,5.2,1,0,0,Hypertension,,2026-10-10T08:00:00+00:00,39.34,81.52,95.82,5.33,0.605,8503,67.75
13,Synthetic Patient 013,41,F,19.7,116,64,237,146.9,47.4,99,5.2,1,0,0,Cardiovascular risk monitoring,,2026-10-10T14:00:00+00:00,65.01,71.19,87.96,8.29,0.855,14906,100
13,Synthetic Patient 013,41,F,19.7,148,60,237,146.9,47.4,99,5.2,1,0,0,Hypertension,,2026-10-10T20:00:00+00:00,47.23,66.79,83.66,5.86,0.753,12648,96.37
14,Synthetic Patient 014,54,M,23.4,125,79,178,110.4,35.6,112,5.3,0,0,0,Cardiovascular risk monitoring,,2026-10-10T02:00:00+00:00,75.97,74.93,88.91,6.9,0.823,4949,53.55
14,Synthetic Patient 014,54,M,23.4,147,93,178,110.4,35.6,112,5.3,0,0,0,Hypertension,,2026-10-10T08:00:00+00:00,54.29,83.3,105.15,4.31,0.659,2723,35.64
14,Synthetic Patient 014,54,M,23.4,123,77,178,110.4,35.6,112,5.3,0,0,0,Cardiovascular risk monitoring,,2026-10-10T14:00:00+00:00,84.3,72.44,97.05,7.8,0.892,6358,63.84
14,Synthetic Patient 014,54,M,23.4,150,72,178,110.4,35.6,112,5.3,0,0,0,Hypertension,,2026-10-10T20:00:00+00:00,59.59,84.99,106.33,7.76,0.783,3309,42.78
15,Synthetic Patient 015,37,F,27.4,124,74,211,130.8,42.2,111,5.8,1,1,0,Cardiovascular risk monitoring,,2026-10-10T02:00:00+00:00,62.54,65.98,87.22,7.94,0.914,10459,88.43
15,Synthetic Patient 015,37,F,27.4,150,87,211,130.8,42.2,111,5.8,1,1,0,Hypertension,,2026-10-10T08:00:00+00:00,47.02,73.44,83.97,6.51,0.829,7281,67.35
15,Synthetic Patient 015,37,F,27.4,115,67,211,130.8,42.2,111,5.8,1,1,0,Cardiovascular risk monitoring,,2026-10-10T14:00:00+00:00,72.26,59.63,83.29,8.2,0.861,12555,99.07
15,Synthetic Patient 015,37,F,27.4,114,90,211,130.8,42.2,111,5.8,1,1,0,Hypertension,,2026-10-10T20:00:00+00:00,45.96,68.02,86.2,7.05,0.724,11777,90.42
16,Synthetic Patient 016,40,M,24.6,129,84,200,124.0,40.0,142,6.9,0,0,1,Hypertension,,2026-10-10T02:00:00+00:00,65.78,69.54,91.65,7.48,0.857,8991,78.16
16,Synthetic Patient 016,40,M,24.6,155,90,200,124.0,40.0,142,6.9,0,0,1,Hypertension,,2026-10-10T08:00:00+00:00,53.42,76.94,101.59,5.9,0.686,6285,57.24
16,Synthetic Patient 016,40,M,24.6,119,78,200,124.0,40.0,142,6.9,0,0,1,Cardiovascular risk monitoring,,2026-10-10T14:00:00+00:00,78.58,64.56,81.89,8.11,0.884,13868,100
16,Synthetic Patient 016,40,M,24.6,149,101,200,124.0,40.0,142,6.9,0,0,1,Hypertension,,2026-10-10T20:00:00+00:00,57.11,71.46,86.11,6.23,0.813,5715,57.73
17,Synthetic Patient 017,36,M,34.3,113,69,188,116.6,37.6,106,5.7,0,0,0,Cardiovascular risk monitoring,,2026-10-10T02:00:00+00:00,57.25,63.09,75.64,8.06,0.872,5884,60.49
17,Synthetic Patient 017,36,M,34.3,139,77,188,116.6,37.6,106,5.7,0,0,0,Hypertension,,2026-10-10T08:00:00+00:00,35.56,71.51,92.66,6.92,0.62,4180,42.99
17,Synthetic Patient 017,36,M,34.3,108,68,188,116.6,37.6,106,5.7,0,0,0,Cardiovascular risk monitoring,,2026-10-10T14:00:00+00:00,68.9,60.87,76.89,8.53,0.962,7901,74.95
17,Synthetic Patient 017,36,M,34.3,112,61,188,116.6,37.6,106,5.7,0,0,0,Cardiovascular risk monitoring,,2026-10-10T20:00:00+00:00,50.88,71.56,88.23,9.44,0.751,4132,46.63
18,Synthetic Patient 018,34,F,19.2,132,74,187,115.9,37.4,98,5.1,0,0,0,Hypertension,,2026-10-10T02:00:00+00:00,59.32,78.74,98.63,8.1,0.803,6080,59.57
18,Synthetic Patient 018,34,F,19.2,151,80,187,115.9,37.4,98,5.1,0,0,0,Hypertension,,2026-10-10T08:00:00+00:00,44.12,85.04,104.28,5.57,0.768,2012,34.78
18,Synthetic Patient 018,34,F,19.2,124,67,187,115.9,37.4,98,5.1,0,0,0,Cardiovascular risk monitoring,,2026-10-10T14:00:00+00:00,63.38,72.06,94.89,8.61,0.906,8896,79.07
18,Synthetic Patient 018,34,F,19.2,146,91,187,115.9,37.4,98,5.1,0,0,0,Hypertension,,2026-10-10T20:00:00+00:00,50.76,73.91,85.26,6.1,0.8,7222,66.14
19,Synthetic Patient 019,75,F,28.8,120,76,238,147.6,47.6,104,5.5,0,0,0,Cardiovascular risk monitoring,,2026-10-10T02:00:00+00:00,52.22,68.03,92.74,8.35,0.886,5560,59.0
19,Synthetic Patient 019,75,F,28.8,134,87,238,147.6,47.6,104,5.5,0,0,0,Hypertension,,2026-10-10T08:00:00+00:00,38.1,77.73,89.19,5.82,0.649,2509,34.09
19,Synthetic Patient 019,75,F,28.8,112,72,238,147.6,47.6,104,5.5,0,0,0,Cardiovascular risk monitoring,,2026-10-10T14:00:00+00:00,56.22,65.06,88.48,8.73,0.862,9407,80.74
19,Synthetic Patient 019,75,F,28.8,132,69,238,147.6,47.6,104,5.5,0,0,0,Hypertension,,2026-10-10T20:00:00+00:00,44.19,76.07,99.9,7.21,0.74,4381,47.75
20,Synthetic Patient 020,33,F,30.8,121,66,200,124.0,40.0,94,5.3,1,0,0,Cardiovascular risk monitoring,,2026-10-10T02:00:00+00:00,67.18,64.02,84.98,8.2,0.802,7941,70.38
20,Synthetic Patient 020,33,F,30.8,142,81,200,124.0,40.0,94,5.3,1,0,0,Hypertension,,2026-10-10T08:00:00+00:00,54.14,73.6,87.48,6.62,0.69,4042,44.28
20,Synthetic Patient 020,33,F,30.8,116,60,200,124.0,40.0,94,5.3,1,0,0,Cardiovascular risk monitoring,,2026-10-10T14:00:00+00:00,79.39,58.13,70.41,9.39,0.891,11533,94.01
20,Synthetic Patient 020,33,F,30.8,115,83,200,124.0,40.0,94,5.3,1,0,0,Hypertension,,2026-10-10T20:00:00+00:00,54.92,65.06,80.82,8.82,0.706,6411,58.57
21,Synthetic Patient 021,76,F,35.0,113,85,162,100.4,32.4,88,5.0,0,1,0,Hypertension,,2026-10-10T02:00:00+00:00,49.49,66.34,78.36,6.57,0.9,6902,67.26
21,Synthetic Patient 021,76,F,35.0,134,89,162,100.4,32.4,88,5.0,0,1,0,Hypertension,,2026-10-10T08:00:00+00:00,27.47,73.2,95.62,5.09,0.568,4727,44.63
21,Synthetic Patient 021,76,F,35.0,107,81,162,100.4,32.4,88,5.0,0,1,0,Hypertension,,2026-10-10T14:00:00+00:00,63.32,64.22,79.68,7.44,0.886,8268,74.8
21,Synthetic Patient 021,76,F,35.0,122,78,162,100.4,32.4,88,5.0,0,1,0,Cardiovascular risk monitoring,,2026-10-10T20:00:00+00:00,47.47,63.11,82.72,4.84,0.875,9946,84.27
22,Synthetic Patient 022,56,F,29.6,132,70,254,157.5,50.8,90,5.0,0,0,0,Hypertension,,2026-10-10T02:00:00+00:00,71.79,74.31,86.62,6.78,0.901,3635,48.23
22,Synthetic Patient 022,56,F,29.6,141,74,254,157.5,50.8,90,5.0,0,0,0,Hypertension,,2026-10-10T08:00:00+00:00,48.36,89.53,106.41,5.02,0.748,0,22.43
22,Synthetic Patient 022,56,F,29.6,129,68,254,157.5,50.8,90,5.0,0,0,0,Cardiovascular risk monitoring,,2026-10-10T14:00:00+00:00,76.2,66.95,86.93,7.33,0.886,6983,67.33
22,Synthetic Patient 022,56,F,29.6,142,70,254,157.5,50.8,90,5.0,0,0,0,Hypertension,,2026-10-10T20:00:00+00:00,60.52,84.55,103.89,5.43,0.678,2278,33.63
23,Synthetic Patient 023,46,F,34.3,112,86,208,129.0,41.6,103,5.8,0,1,0,Hypertension,,2026-10-10T02:00:00+00:00,57.53,62.83,84.04,7.63,0.822,9681,81.12
23,Synthetic Patient 023,46,F,34.3,123,93,208,129.0,41.6,103,5.8,0,1,0,Hypertension,,2026-10-10T08:00:00+00:00,40.23,70.1,92.14,6.32,0.739,8678,72.79
23,Synthetic Patient 023,46,F,34.3,108,85,208,129.0,41.6,103,5.8,0,1,0,Hypertension,,2026-10-10T14:00:00+00:00,61.88,56.52,69.63,8.53,0.937,14160,100
23,Synthetic Patient 023,46,F,34.3,104,91,208,129.0,41.6,103,5.8,0,1,0,Hypertension,,2026-10-10T20:00:00+00:00,51.58,65.68,80.07,7.83,0.778,10595,85.15
24,Synthetic Patient 024,70,F,34.7,123,67,156,96.7,31.2,92,5.8,1,0,0,Cardiovascular risk monitoring,,2026-10-10T02:00:00+00:00,75.09,77.92,90.37,6.79,0.819,10291,84.6
24,Synthetic Patient 024,70,F,34.7,137,78,156,96.7,31.2,92,5.8,1,0,0,Hypertension,,2026-10-10T08:00:00+00:00,54.15,88.64,106.31,5.52,0.62,7021,59.55
24,Synthetic Patient 024,70,F,34.7,119,63,156,96.7,31.2,92,5.8,1,0,0,Cardiovascular risk monitoring,,2026-10-10T14:00:00+00:00,81.81,72.06,83.53,7.5,0.963,13932,100
24,Synthetic Patient 024,70,F,34.7,121,77,156,96.7,31.2,92,5.8,1,0,0,Cardiovascular risk monitoring,,2026-10-10T20:00:00+00:00,65.6,86.21,106.73,6.18,0.982,8455,78.79
25,Synthetic Patient 025,53,F,24.7,128,80,180,111.6,36.0,102,5.8,0,0,0,Hypertension,,2026-10-10T02:00:00+00:00,53.6,67.67,84.67,6.31,0.831,6403,62.29
25,Synthetic Patient 025,53,F,24.7,138,84,180,111.6,36.0,102,5.8,0,0,0,Hypertension,,2026-10-10T08:00:00+00:00,35.07,82.78,93.84,4.11,0.698,3679,42.39
25,Synthetic Patient 025,53,F,24.7,125,79,180,111.6,36.0,102,5.8,0,0,0,Cardiovascular risk monitoring,,2026-10-10T14:00:00+00:00,64.8,64.54,89.02,7.37,0.967,8748,80.03
25,Synthetic Patient 025,53,F,24.7,116,72,180,111.6,36.0,102,5.8,0,0,0,Cardiovascular risk monitoring,,2026-10-10T20:00:00+00:00,45.23,64.69,87.04,8.1,0.777,5619,56.08
26,Synthetic Patient 026,41,F,20.3,119,83,236,146.3,47.2,108,5.1,1,0,0,Hypertension,,2026-10-10T02:00:00+00:00,46.25,75.67,97.43,7.52,0.937,8190,75.88
26,Synthetic Patient 026,41,F,20.3,135,91,236,146.3,47.2,108,5.1,1,0,0,Hypertension,,2026-10-10T08:00:00+00:00,26.34,91.66,107.35,6.12,0.592,6020,52.87
26,Synthetic Patient 026,41,F,20.3,113,81,236,146.3,47.2,108,5.1,1,0,0,Hypertension,,2026-10-10T14:00:00+00:00,52.49,70.01,81.82,8.72,0.862,9691,82.39
26,Synthetic Patient 026,41,F,20.3,113,84,236,146.3,47.2,108,5.1,1,0,0,Hypertension,,2026-10-10T20:00:00+00:00,58.08,64.67,76.19,5.7,0.812,11515,91.53
27,Synthetic Patient 027,64,M,34.4,124,86,203,125.9,40.6,126,7.0,0,0,1,Hypertension,,2026-10-10T02:00:00+00:00,58.8,63.83,82.74,7.85,0.896,8925,78.93
27,Synthetic Patient 027,64,M,34.4,136,102,203,125.9,40.6,126,7.0,0,0,1,Hypertension,,2026-10-10T08:00:00+00:00,34.91,80.14,91.18,6.42,0.664,5393,51.39
27,Synthetic Patient 027,64,M,34.4,114,79,203,125.9,40.6,126,7.0,0,0,1,Cardiovascular risk monitoring,,2026-10-10T14:00:00+00:00,72.15,57.45,71.11,8.2,0.853,13159,100
27,Synthetic Patient 027,64,M,34.4,142,94,203,125.9,40.6,126,7.0,0,0,1,Hypertension,,2026-10-10T20:00:00+00:00,47.09,61.1,74.67,5.88,0.924,12730,100
28,Synthetic Patient 028,48,M,27.7,119,70,192,119.0,38.4,97,5.9,1,0,0,Cardiovascular risk monitoring,,2026-10-10T02:00:00+00:00,73.69,64.82,75.49,7.92,0.898,9860,84.45
28,Synthetic Patient 028,48,M,27.7,132,84,192,119.0,38.4,97,5.9,1,0,0,Hypertension,,2026-10-10T08:00:00+00:00,58.77,77.11,99.74,5.78,0.677,6361,57.42
28,Synthetic Patient 028,48,M,27.7,111,69,192,119.0,38.4,97,5.9,1,0,0,Cardiovascular risk monitoring,,2026-10-10T14:00:00+00:00,80.35,58.38,82.95,8.69,0.955,14601,100
28,Synthetic Patient 028,48,M,27.7,132,79,192,119.0,38.4,97,5.9,1,0,0,Hypertension,,2026-10-10T20:00:00+00:00,88.99,69.29,91.6,6.72,0.675,12159,91.19
29,Synthetic Patient 029,41,M,24.0,112,71,158,98.0,31.6,85,5.5,0,0,0,Cardiovascular risk monitoring,,2026-10-10T02:00:00+00:00,52.23,65.1,90.08,6.75,0.808,4763,52.04
29,Synthetic Patient 029,41,M,24.0,130,78,158,98.0,31.6,85,5.5,0,0,0,Hypertension,,2026-10-10T08:00:00+00:00,35.18,80.18,103.39,4.63,0.752,1290,30.07
29,Synthetic Patient 029,41,M,24.0,109,64,158,98.0,31.6,85,5.5,0,0,0,Cardiovascular risk monitoring,,2026-10-10T14:00:00+00:00,58.8,62.78,74.01,7.81,0.96,6246,65.25
29,Synthetic Patient 029,41,M,24.0,130,88,158,98.0,31.6,85,5.5,0,0,0,Hypertension,,2026-10-10T20:00:00+00:00,48.6,61.56,77.55,6.72,0.979,1738,39.5
30,Synthetic Patient 030,61,M,20.7,131,68,196,121.5,39.2,97,5.6,0,1,0,Hypertension,,2026-10-10T02:00:00+00:00,42.6,68.42,93.2,8.04,0.817,9099,77.58
30,Synthetic Patient 030,61,M,20.7,157,84,196,121.5,39.2,97,5.6,0,1,0,Hypertension,,2026-10-10T08:00:00+00:00,30.09,79.76,96.43,6.83,0.728,5454,53.65
30,Synthetic Patient 030,61,M,20.7,128,62,196,121.5,39.2,97,5.6,0,1,0,Cardiovascular risk monitoring,,2026-10-10T14:00:00+00:00,51.2,62.26,77.07,8.79,0.855,10242,85.41
30,Synthetic Patient 030,61,M,20.7,155,68,196,121.5,39.2,97,5.6,0,1,0,Hypertension,,2026-10-10T20:00:00+00:00,28.15,78.51,90.37,6.48,0.866,9184,79.54
31,Synthetic Patient 031,35,F,20.1,110,81,199,123.4,39.8,133,7.0,0,0,1,Hypertension,,2026-10-10T02:00:00+00:00,59.34,64.1,82.42,8.19,0.882,8882,78.28
31,Synthetic Patient 031,35,F,20.1,126,92,199,123.4,39.8,133,7.0,0,0,1,Hypertension,,2026-10-10T08:00:00+00:00,35.42,74.69,89.24,6.8,0.613,7304,61.01
31,Synthetic Patient 031,35,F,20.1,106,75,199,123.4,39.8,133,7.0,0,0,1,Cardiovascular risk monitoring,,2026-10-10T14:00:00+00:00,64.36,56.86,68.37,9.24,0.884,13369,100
31,Synthetic Patient 031,35,F,20.1,125,93,199,123.4,39.8,133,7.0,0,0,1,Hypertension,,2026-10-10T20:00:00+00:00,53.24,56.21,73.67,7.38,0.731,8604,72.11
32,Synthetic Patient 032,42,F,31.9,115,77,177,109.7,35.4,109,5.4,0,0,0,Cardiovascular risk monitoring,,2026-10-10T02:00:00+00:00,66.24,71.45,83.28,6.57,0.802,5692,57.25
32,Synthetic Patient 032,42,F,31.9,135,86,177,109.7,35.4,109,5.4,0,0,0,Hypertension,,2026-10-10T08:00:00+00:00,49.12,81.12,96.6,5.29,0.749,4507,48.76
32,Synthetic Patient 032,42,F,31.9,108,72,177,109.7,35.4,109,5.4,0,0,0,Cardiovascular risk monitoring,,2026-10-10T14:00:00+00:00,70.51,63.93,83.31,7.16,0.945,8127,75.77
32,Synthetic Patient 032,42,F,31.9,113,92,177,109.7,35.4,109,5.4,0,0,0,Hypertension,,2026-10-10T20:00:00+00:00,57.15,83.12,96.18,5.42,0.81,2413,38.37
33,Synthetic Patient 033,47,F,32.5,122,74,195,120.9,39.0,89,5.6,1,0,0,Cardiovascular risk monitoring,,2026-10-10T02:00:00+00:00,42.68,63.46,87.11,7.26,0.817,6786,64.09
33,Synthetic Patient 033,47,F,32.5,147,82,195,120.9,39.0,89,5.6,1,0,0,Hypertension,,2026-10-10T08:00:00+00:00,19.88,77.7,92.54,5.07,0.718,5044,50.97
33,Synthetic Patient 033,47,F,32.5,117,71,195,120.9,39.0,89,5.6,1,0,0,Cardiovascular risk monitoring,,2026-10-10T14:00:00+00:00,48.49,61.05,83.39,7.79,0.921,10966,91.59
33,Synthetic Patient 033,47,F,32.5,124,91,195,120.9,39.0,89,5.6,1,0,0,Hypertension,,2026-10-10T20:00:00+00:00,37.55,68.57,84.19,5.36,0.861,6737,65.14
34,Synthetic Patient 034,51,F,29.8,118,69,246,152.5,49.2,106,5.8,1,0,0,Cardiovascular risk monitoring,,2026-10-10T02:00:00+00:00,58.76,61.62,73.2,7.04,0.808,6207,60.44
34,Synthetic Patient 034,51,F,29.8,126,83,246,152.5,49.2,106,5.8,1,0,0,Hypertension,,2026-10-10T08:00:00+00:00,47.7,73.35,88.51,4.48,0.715,4136,45.59
34,Synthetic Patient 034,51,F,29.8,112,64,246,152.5,49.2,106,5.8,1,0,0,Cardiovascular risk monitoring,,2026-10-10T14:00:00+00:00,64.18,54.13,65.1,8.11,0.965,8109,76.26
34,Synthetic Patient 034,51,F,29.8,143,70,246,152.5,49.2,106,5.8,1,0,0,Hypertension,,2026-10-10T20:00:00+00:00,56.16,57.35,78.15,8.76,0.699,4134,45.09
35,Synthetic Patient 035,41,M,19.2,125,74,247,153.1,49.4,114,7.2,1,0,1,Cardiovascular risk monitoring,,2026-10-10T02:00:00+00:00,70.35,67.62,87.0,6.32,0.832,9703,81.57
35,Synthetic Patient 035,41,M,19.2,138,84,247,153.1,49.4,114,7.2,1,0,1,Hypertension,,2026-10-10T08:00:00+00:00,55.15,82.34,102.06,5.48,0.638,7529,63.05
35,Synthetic Patient 035,41,M,19.2,115,71,247,153.1,49.4,114,7.2,1,0,1,Cardiovascular risk monitoring,,2026-10-10T14:00:00+00:00,74.47,65.6,84.42,6.55,0.958,12664,100
35,Synthetic Patient 035,41,M,19.2,144,73,247,153.1,49.4,114,7.2,1,0,1,Hypertension,,2026-10-10T20:00:00+00:00,61.69,62.9,87.78,7.77,0.788,7187,65.55
36,Synthetic Patient 036,47,M,24.2,132,72,239,148.2,47.8,110,5.5,0,0,0,Hypertension,,2026-10-10T02:00:00+00:00,45.13,73.92,86.59,8.36,0.848,4776,53.3
36,Synthetic Patient 036,47,M,24.2,154,85,239,148.2,47.8,110,5.5,0,0,0,Hypertension,,2026-10-10T08:00:00+00:00,27.56,81.24,105.52,7.01,0.777,3471,43.55
36,Synthetic Patient 036,47,M,24.2,126,66,239,148.2,47.8,110,5.5,0,0,0,Cardiovascular risk monitoring,,2026-10-10T14:00:00+00:00,49.53,66.25,87.02,8.86,0.903,9636,83.3
36,Synthetic Patient 036,47,M,24.2,121,66,239,148.2,47.8,110,5.5,0,0,0,Cardiovascular risk monitoring,,2026-10-10T20:00:00+00:00,44.67,78.49,98.26,6.8,0.911,2287,40.66
37,Synthetic Patient 037,43,F,28.7,113,75,214,132.7,42.8,120,6.9,0,0,1,Cardiovascular risk monitoring,,2026-10-10T02:00:00+00:00,39.08,77.66,100.99,6.39,0.883,8007,73.19
37,Synthetic Patient 037,43,F,28.7,133,82,214,132.7,42.8,120,6.9,0,0,1,Hypertension,,2026-10-10T08:00:00+00:00,25.25,91.29,111.39,4.71,0.658,5191,50.01
37,Synthetic Patient 037,43,F,28.7,111,74,214,132.7,42.8,120,6.9,0,0,1,Cardiovascular risk monitoring,,2026-10-10T14:00:00+00:00,47.84,73.59,92.09,7.47,0.849,12069,95.87
37,Synthetic Patient 037,43,F,28.7,120,79,214,132.7,42.8,120,6.9,0,0,1,Cardiovascular risk monitoring,,2026-10-10T20:00:00+00:00,55.16,70.75,92.18,4.2,0.687,4819,48.71
38,Synthetic Patient 038,72,M,29.6,118,77,215,133.3,43.0,129,7.0,0,0,1,Cardiovascular risk monitoring,,2026-10-10T02:00:00+00:00,62.46,59.93,84.12,7.31,0.861,6499,63.75
38,Synthetic Patient 038,72,M,29.6,134,82,215,133.3,43.0,129,7.0,0,0,1,Hypertension,,2026-10-10T08:00:00+00:00,45.19,70.38,88.17,5.49,0.744,4237,47.02
38,Synthetic Patient 038,72,M,29.6,110,72,215,133.3,43.0,129,7.0,0,0,1,Cardiovascular risk monitoring,,2026-10-10T14:00:00+00:00,74.08,56.04,70.15,7.57,0.952,8705,79.34
38,Synthetic Patient 038,72,M,29.6,111,79,215,133.3,43.0,129,7.0,0,0,1,Cardiovascular risk monitoring,,2026-10-10T20:00:00+00:00,70.83,67.76,83.0,7.22,0.827,5527,57.04
39,Synthetic Patient 039,42,F,24.9,124,78,214,132.7,42.8,94,5.5,1,0,0,Cardiovascular risk monitoring,,2026-10-10T02:00:00+00:00,62.53,68.2,85.26,7.42,0.938,10528,89.56
39,Synthetic Patient 039,42,F,24.9,145,91,214,132.7,42.8,94,5.5,1,0,0,Hypertension,,2026-10-10T08:00:00+00:00,39.82,76.73,96.25,4.84,0.795,6119,59.55
39,Synthetic Patient 039,42,F,24.9,120,75,214,132.7,42.8,94,5.5,1,0,0,Cardiovascular risk monitoring,,2026-10-10T14:00:00+00:00,67.75,66.0,84.7,8.08,0.837,13018,100
39,Synthetic Patient 039,42,F,24.9,124,80,214,132.7,42.8,94,5.5,1,0,0,Hypertension,,2026-10-10T20:00:00+00:00,74.87,61.95,76.58,7.79,0.832,14253,100
40,Synthetic Patient 040,35,F,32.6,124,85,233,144.5,46.6,125,6.7,0,1,1,Hypertension,,2026-10-10T02:00:00+00:00,70.81,60.84,82.9,6.84,0.932,11261,93.64
40,Synthetic Patient 040,35,F,32.6,143,93,233,144.5,46.6,125,6.7,0,1,1,Hypertension,,2026-10-10T08:00:00+00:00,57.63,77.56,98.51,5.7,0.686,6898,60.82
40,Synthetic Patient 040,35,F,32.6,122,84,233,144.5,46.6,125,6.7,0,1,1,Hypertension,,2026-10-10T14:00:00+00:00,74.07,57.45,69.13,7.42,0.96,16206,100
40,Synthetic Patient 040,35,F,32.6,132,102,233,144.5,46.6,125,6.7,0,1,1,Hypertension,,2026-10-10T20:00:00+00:00,63.95,62.36,76.87,8.33,0.674,8632,70.56
41,Synthetic Patient 041,43,F,19.5,115,72,232,143.8,46.4,98,5.8,0,1,0,Cardiovascular risk monitoring,,2026-10-10T02:00:00+00:00,67.48,72.76,88.7,6.59,0.928,9058,80.68
41,Synthetic Patient 041,43,F,19.5,137,84,232,143.8,46.4,98,5.8,0,1,0,Hypertension,,2026-10-10T08:00:00+00:00,55.93,79.43,91.12,4.98,0.736,6493,59.96
41,Synthetic Patient 041,43,F,19.5,113,65,232,143.8,46.4,98,5.8,0,1,0,Cardiovascular risk monitoring,,2026-10-10T14:00:00+00:00,76.57,68.11,88.45,7.75,0.836,13920,100
41,Synthetic Patient 041,43,F,19.5,122,76,232,143.8,46.4,98,5.8,0,1,0,Cardiovascular risk monitoring,,2026-10-10T20:00:00+00:00,75.26,82.46,107.0,4.95,0.872,11591,93.76
42,Synthetic Patient 042,55,F,27.5,131,83,238,147.6,47.6,91,5.5,0,0,0,Hypertension,,2026-10-10T02:00:00+00:00,68.3,74.58,92.25,7.5,0.805,10068,82.87
42,Synthetic Patient 042,55,F,27.5,143,87,238,147.6,47.6,91,5.5,0,0,0,Hypertension,,2026-10-10T08:00:00+00:00,44.84,83.65,96.44,6.01,0.742,8370,71.09
42,Synthetic Patient 042,55,F,27.5,128,82,238,147.6,47.6,91,5.5,0,0,0,Hypertension,,2026-10-10T14:00:00+00:00,82.1,71.9,83.34,8.39,0.852,14610,100
42,Synthetic Patient 042,55,F,27.5,151,85,238,147.6,47.6,91,5.5,0,0,0,Hypertension,,2026-10-10T20:00:00+00:00,83.5,64.41,88.94,8.87,0.837,12958,100
43,Synthetic Patient 043,41,M,21.2,125,77,193,119.7,38.6,89,5.2,1,0,0,Cardiovascular risk monitoring,,2026-10-10T02:00:00+00:00,53.73,70.7,93.53,8.22,0.813,11343,90.57
43,Synthetic Patient 043,41,M,21.2,138,91,193,119.7,38.6,89,5.2,1,0,0,Hypertension,,2026-10-10T08:00:00+00:00,36.06,78.11,93.62,5.64,0.705,10253,80.97
43,Synthetic Patient 043,41,M,21.2,119,72,193,119.7,38.6,89,5.2,1,0,0,Cardiovascular risk monitoring,,2026-10-10T14:00:00+00:00,62.0,64.19,87.29,8.58,0.857,13648,100
43,Synthetic Patient 043,41,M,21.2,147,73,193,119.7,38.6,89,5.2,1,0,0,Hypertension,,2026-10-10T20:00:00+00:00,69.44,72.35,90.57,9.48,0.735,12090,92.59
44,Synthetic Patient 044,53,M,33.2,110,80,220,136.4,44.0,106,5.1,1,0,0,Hypertension,,2026-10-10T02:00:00+00:00,38.29,59.08,70.72,7.53,0.856,9272,79.78
44,Synthetic Patient 044,53,M,33.2,130,92,220,136.4,44.0,106,5.1,1,0,0,Hypertension,,2026-10-10T08:00:00+00:00,17.6,73.92,91.62,5.93,0.797,6281,60.56
44,Synthetic Patient 044,53,M,33.2,107,78,220,136.4,44.0,106,5.1,1,0,0,Cardiovascular risk monitoring,,2026-10-10T14:00:00+00:00,45.4,53.67,72.29,7.98,0.833,11044,89.42
44,Synthetic Patient 044,53,M,33.2,137,79,220,136.4,44.0,106,5.1,1,0,0,Hypertension,,2026-10-10T20:00:00+00:00,32.15,61.8,81.95,6.34,0.867,10225,85.65
45,Synthetic Patient 045,40,F,27.1,110,79,158,98.0,31.6,106,5.2,0,0,0,Cardiovascular risk monitoring,,2026-10-10T02:00:00+00:00,56.79,65.19,83.12,7.43,0.813,10630,86.4
45,Synthetic Patient 045,40,F,27.1,132,91,158,98.0,31.6,106,5.2,0,0,0,Hypertension,,2026-10-10T08:00:00+00:00,38.79,77.65,100.68,5.9,0.685,7624,65.02
45,Synthetic Patient 045,40,F,27.1,100,78,158,98.0,31.6,106,5.2,0,0,0,Cardiovascular risk monitoring,,2026-10-10T14:00:00+00:00,67.39,58.87,76.71,8.05,0.868,11783,94.78
45,Synthetic Patient 045,40,F,27.1,107,81,158,98.0,31.6,106,5.2,0,0,0,Hypertension,,2026-10-10T20:00:00+00:00,65.87,61.24,85.65,5.68,0.832,10189,84.38
46,Synthetic Patient 046,53,F,30.3,117,86,213,132.1,42.6,108,5.8,0,1,0,Hypertension,,2026-10-10T02:00:00+00:00,46.02,61.3,72.21,7.89,0.848,6399,62.78
46,Synthetic Patient 046,53,F,30.3,134,100,213,132.1,42.6,108,5.8,0,1,0,Hypertension,,2026-10-10T08:00:00+00:00,31.59,71.03,88.97,6.32,0.691,3927,43.64
46,Synthetic Patient 046,53,F,30.3,114,84,213,132.1,42.6,108,5.8,0,1,0,Hypertension,,2026-10-10T14:00:00+00:00,55.98,56.94,69.58,9.0,0.956,10548,90.2
46,Synthetic Patient 046,53,F,30.3,124,102,213,132.1,42.6,108,5.8,0,1,0,Hypertension,,2026-10-10T20:00:00+00:00,37.56,55.93,76.41,7.42,0.648,8599,69.6
47,Synthetic Patient 047,71,M,25.9,121,66,181,112.2,36.2,102,5.6,1,0,0,Cardiovascular risk monitoring,,2026-10-10T02:00:00+00:00,51.88,57.21,69.71,7.39,0.806,10764,86.97
47,Synthetic Patient 047,71,M,25.9,142,77,181,112.2,36.2,102,5.6,1,0,0,Hypertension,,2026-10-10T08:00:00+00:00,31.71,70.52,81.4,5.37,0.735,6897,62.28
47,Synthetic Patient 047,71,M,25.9,113,60,181,112.2,36.2,102,5.6,1,0,0,Cardiovascular risk monitoring,,2026-10-10T14:00:00+00:00,62.84,50.51,70.58,8.22,0.911,15108,100
47,Synthetic Patient 047,71,M,25.9,130,82,181,112.2,36.2,102,5.6,1,0,0,Hypertension,,2026-10-10T20:00:00+00:00,57.1,61.32,79.1,6.2,0.789,7803,69.17
48,Synthetic Patient 048,38,F,20.7,112,83,217,134.5,43.4,118,7.1,0,1,1,Hypertension,,2026-10-10T02:00:00+00:00,63.46,64.18,80.25,6.84,0.83,9087,77.9
48,Synthetic Patient 048,38,F,20.7,129,95,217,134.5,43.4,118,7.1,0,1,1,Hypertension,,2026-10-10T08:00:00+00:00,46.55,73.91,90.74,5.91,0.654,7017,60.54
48,Synthetic Patient 048,38,F,20.7,107,81,217,134.5,43.4,118,7.1,0,1,1,Hypertension,,2026-10-10T14:00:00+00:00,72.87,58.42,70.09,7.49,0.905,11294,93.02
48,Synthetic Patient 048,38,F,20.7,125,82,217,134.5,43.4,118,7.1,0,1,1,Hypertension,,2026-10-10T20:00:00+00:00,69.91,70.47,90.66,4.9,0.903,5632,59.96
49,Synthetic Patient 049,64,M,32.2,124,82,199,123.4,39.8,115,5.7,0,0,0,Hypertension,,2026-10-10T02:00:00+00:00,58.05,66.95,85.65,6.53,0.907,10046,85.8
49,Synthetic Patient 049,64,M,32.2,138,88,199,123.4,39.8,115,5.7,0,0,0,Hypertension,,2026-10-10T08:00:00+00:00,44.4,82.83,93.03,5.37,0.687,8874,72.38
49,Synthetic Patient 049,64,M,32.2,115,79,199,123.4,39.8,115,5.7,0,0,0,Cardiovascular risk monitoring,,2026-10-10T14:00:00+00:00,70.05,59.14,81.08,6.86,0.876,14405,100
49,Synthetic Patient 049,64,M,32.2,131,78,199,123.4,39.8,115,5.7,0,0,0,Hypertension,,2026-10-10T20:00:00+00:00,57.8,58.14,73.68,4.87,0.933,13266,100
50,Synthetic Patient 050,31,F,21.4,118,70,224,138.9,44.8,85,5.4,1,0,0,Cardiovascular risk monitoring,,2026-10-10T02:00:00+00:00,39.76,78.36,93.37,7.88,0.884,7766,71.83
50,Synthetic Patient 050,31,F,21.4,140,79,224,138.9,44.8,85,5.4,1,0,0,Hypertension,,2026-10-10T08:00:00+00:00,23.55,93.53,103.99,5.97,0.767,5428,54.66
50,Synthetic Patient 050,31,F,21.4,113,67,224,138.9,44.8,85,5.4,1,0,0,Cardiovascular risk monitoring,,2026-10-10T14:00:00+00:00,43.26,76.01,91.54,8.9,0.99,8918,81.72
50,Synthetic Patient 050,31,F,21.4,132,67,224,138.9,44.8,85,5.4,1,0,0,Hypertension,,2026-10-10T20:00:00+00:00,53.79,72.76,82.84,7.15,0.787,7300,66.18
51,Synthetic Patient 051,75,M,21.5,123,73,197,122.1,39.4,95,5.6,0,1,0,Cardiovascular risk monitoring,,2026-10-10T02:00:00+00:00,53.92,67.76,79.65,7.55,0.836,7092,66.46
51,Synthetic Patient 051,75,M,21.5,140,82,197,122.1,39.4,95,5.6,0,1,0,Hypertension,,2026-10-10T08:00:00+00:00,37.26,79.17,96.29,5.84,0.635,4709,46.52
51,Synthetic Patient 051,75,M,21.5,114,69,197,122.1,39.4,95,5.6,0,1,0,Cardiovascular risk monitoring,,2026-10-10T14:00:00+00:00,60.54,62.05,78.73,8.72,0.96,8266,77.02
51,Synthetic Patient 051,75,M,21.5,131,91,197,122.1,39.4,95,5.6,0,1,0,Hypertension,,2026-10-10T20:00:00+00:00,52.65,61.66,80.84,9.25,0.761,5685,56.01
52,Synthetic Patient 052,60,M,28.4,123,82,230,142.6,46.0,85,5.9,0,0,0,Hypertension,,2026-10-10T02:00:00+00:00,43.33,62.3,78.23,7.39,0.841,5689,58.43
52,Synthetic Patient 052,60,M,28.4,137,97,230,142.6,46.0,85,5.9,0,0,0,Hypertension,,2026-10-10T08:00:00+00:00,31.78,78.64,99.67,5.9,0.589,3956,40.75
52,Synthetic Patient 052,60,M,28.4,113,81,230,142.6,46.0,85,5.9,0,0,0,Hypertension,,2026-10-10T14:00:00+00:00,49.31,55.52,70.62,7.95,0.971,7569,73.27
52,Synthetic Patient 052,60,M,28.4,146,80,230,142.6,46.0,85,5.9,0,0,0,Hypertension,,2026-10-10T20:00:00+00:00,28.21,66.01,84.19,6.09,0.774,4965,52.18
53,Synthetic Patient 053,31,F,24.7,124,71,229,142.0,45.8,146,6.5,0,0,1,Cardiovascular risk monitoring,,2026-10-10T02:00:00+00:00,44.46,65.92,80.73,6.53,0.845,4365,50.8
53,Synthetic Patient 053,31,F,24.7,135,86,229,142.0,45.8,146,6.5,0,0,1,Hypertension,,2026-10-10T08:00:00+00:00,32.49,72.9,87.02,4.87,0.648,2078,31.57
53,Synthetic Patient 053,31,F,24.7,122,67,229,142.0,45.8,146,6.5,0,0,1,Cardiovascular risk monitoring,,2026-10-10T14:00:00+00:00,57.88,59.49,74.51,6.77,0.92,8347,76.3
53,Synthetic Patient 053,31,F,24.7,144,76,229,142.0,45.8,146,6.5,0,0,1,Hypertension,,2026-10-10T20:00:00+00:00,57.5,62.63,76.63,5.34,0.796,1970,35.37
54,Synthetic Patient 054,45,F,22.1,116,71,155,96.1,31.0,101,5.8,0,1,0,Cardiovascular risk monitoring,,2026-10-10T02:00:00+00:00,46.3,75.53,98.56,7.99,0.809,8106,71.56
54,Synthetic Patient 054,45,F,22.1,130,81,155,96.1,31.0,101,5.8,0,1,0,Hypertension,,2026-10-10T08:00:00+00:00,34.63,85.09,101.16,6.81,0.663,5251,50.53
54,Synthetic Patient 054,45,F,22.1,108,65,155,96.1,31.0,101,5.8,0,1,0,Cardiovascular risk monitoring,,2026-10-10T14:00:00+00:00,58.98,70.2,91.33,8.21,0.886,12994,100
54,Synthetic Patient 054,45,F,22.1,115,81,155,96.1,31.0,101,5.8,0,1,0,Hypertension,,2026-10-10T20:00:00+00:00,56.37,68.49,92.01,8.69,0.813,7147,66.07
55,Synthetic Patient 055,72,M,19.6,130,80,225,139.5,45.0,142,6.6,1,1,1,Hypertension,,2026-10-10T02:00:00+00:00,45.22,71.33,83.11,7.31,0.904,5886,61.47
55,Synthetic Patient 055,72,M,19.6,144,86,225,139.5,45.0,142,6.6,1,1,1,Hypertension,,2026-10-10T08:00:00+00:00,24.21,88.19,101.55,5.64,0.779,2972,40.71
55,Synthetic Patient 055,72,M,19.6,122,73,225,139.5,45.0,142,6.6,1,1,1,Cardiovascular risk monitoring,,2026-10-10T14:00:00+00:00,50.82,67.05,79.31,7.75,0.989,8076,76.79
55,Synthetic Patient 055,72,M,19.6,145,85,225,139.5,45.0,142,6.6,1,1,1,Hypertension,,2026-10-10T20:00:00+00:00,57.52,78.99,91.55,6.02,0.744,3929,45.25
56,Synthetic Patient 056,47,M,22.3,117,85,163,101.1,32.6,105,5.4,1,0,0,Hypertension,,2026-10-10T02:00:00+00:00,44.37,70.99,95.7,7.53,0.902,5449,58.85
56,Synthetic Patient 056,47,M,22.3,140,96,163,101.1,32.6,105,5.4,1,0,0,Hypertension,,2026-10-10T08:00:00+00:00,23.79,81.06,92.78,4.95,0.592,2195,30.58
56,Synthetic Patient 056,47,M,22.3,114,83,163,101.1,32.6,105,5.4,1,0,0,Hypertension,,2026-10-10T14:00:00+00:00,57.87,66.96,77.75,8.69,0.921,6972,68.29
56,Synthetic Patient 056,47,M,22.3,107,78,163,101.1,32.6,105,5.4,1,0,0,Cardiovascular risk monitoring,,2026-10-10T20:00:00+00:00,57.1,80.58,100.86,5.9,0.739,7915,68.33
57,Synthetic Patient 057,52,F,22.7,120,80,224,138.9,44.8,87,5.0,0,0,0,Hypertension,,2026-10-10T02:00:00+00:00,61.66,60.77,73.68,6.65,0.807,5133,54.16
57,Synthetic Patient 057,52,F,22.7,129,93,224,138.9,44.8,87,5.0,0,0,0,Hypertension,,2026-10-10T08:00:00+00:00,45.39,69.54,91.23,4.29,0.742,3221,41.05
57,Synthetic Patient 057,52,F,22.7,113,79,224,138.9,44.8,87,5.0,0,0,0,Cardiovascular risk monitoring,,2026-10-10T14:00:00+00:00,73.36,54.89,69.96,6.96,0.863,9481,81.18
57,Synthetic Patient 057,52,F,22.7,111,94,224,138.9,44.8,87,5.0,0,0,0,Hypertension,,2026-10-10T20:00:00+00:00,61.05,72.23,86.63,5.73,0.82,4676,51.87
58,Synthetic Patient 058,71,F,21.7,110,66,237,146.9,47.4,96,5.7,1,1,0,Cardiovascular risk monitoring,,2026-10-10T02:00:00+00:00,67.6,75.1,92.37,7.3,0.923,9180,81.25
58,Synthetic Patient 058,71,F,21.7,121,74,237,146.9,47.4,96,5.7,1,1,0,Cardiovascular risk monitoring,,2026-10-10T08:00:00+00:00,50.32,84.5,106.95,4.82,0.627,4781,46.69
58,Synthetic Patient 058,71,F,21.7,102,61,237,146.9,47.4,96,5.7,1,1,0,Cardiovascular risk monitoring,,2026-10-10T14:00:00+00:00,74.23,72.57,92.52,7.94,0.854,12841,100
58,Synthetic Patient 058,71,F,21.7,128,65,237,146.9,47.4,96,5.7,1,1,0,Cardiovascular risk monitoring,,2026-10-10T20:00:00+00:00,51.07,82.31,101.18,6.97,0.753,10484,83.74
59,Synthetic Patient 059,41,M,26.9,111,70,196,121.5,39.2,85,5.1,0,0,0,Cardiovascular risk monitoring,,2026-10-10T02:00:00+00:00,50.87,77.74,98.5,6.47,0.81,9084,77.29
59,Synthetic Patient 059,41,M,26.9,122,84,196,121.5,39.2,85,5.1,0,0,0,Hypertension,,2026-10-10T08:00:00+00:00,32.8,93.43,107.78,4.75,0.625,5997,53.75
59,Synthetic Patient 059,41,M,26.9,103,65,196,121.5,39.2,85,5.1,0,0,0,Cardiovascular risk monitoring,,2026-10-10T14:00:00+00:00,57.79,72.63,87.58,6.99,0.92,12028,97.75
59,Synthetic Patient 059,41,M,26.9,101,83,196,121.5,39.2,85,5.1,0,0,0,Hypertension,,2026-10-10T20:00:00+00:00,63.39,68.3,79.95,4.37,0.88,12657,100
60,Synthetic Patient 060,37,M,25.0,115,75,185,114.7,37.0,104,5.6,0,0,0,Cardiovascular risk monitoring,,2026-10-10T02:00:00+00:00,74.95,64.54,81.65,7.85,0.923,9352,82.23
60,Synthetic Patient 060,37,M,25.0,133,87,185,114.7,37.0,104,5.6,0,0,0,Hypertension,,2026-10-10T08:00:00+00:00,60.28,75.76,91.49,5.48,0.661,8052,66.8
60,Synthetic Patient 060,37,M,25.0,108,71,185,114.7,37.0,104,5.6,0,0,0,Cardiovascular risk monitoring,,2026-10-10T14:00:00+00:00,87.56,60.82,71.45,8.18,0.926,13597,100
60,Synthetic Patient 060,37,M,25.0,129,83,185,114.7,37.0,104,5.6,0,0,0,Hypertension,,2026-10-10T20:00:00+00:00,84.98,74.84,95.53,6.81,0.906,12696,100
61,Synthetic Patient 061,72,F,26.5,113,85,186,115.3,37.2,115,5.8,0,0,0,Hypertension,,2026-10-10T02:00:00+00:00,58.04,60.25,72.11,8.27,0.934,3666,49.41
61,Synthetic Patient 061,72,F,26.5,121,101,186,115.3,37.2,115,5.8,0,0,0,Hypertension,,2026-10-10T08:00:00+00:00,38.94,67.07,87.88,7.23,0.633,2053,30.96
61,Synthetic Patient 061,72,F,26.5,109,83,186,115.3,37.2,115,5.8,0,0,0,Hypertension,,2026-10-10T14:00:00+00:00,69.54,56.73,74.1,8.89,0.968,4817,57.15
61,Synthetic Patient 061,72,F,26.5,134,91,186,115.3,37.2,115,5.8,0,0,0,Hypertension,,2026-10-10T20:00:00+00:00,63.51,70.19,82.36,7.32,0.916,723,31.68
62,Synthetic Patient 062,54,F,29.1,108,80,174,107.9,34.8,103,5.1,0,0,0,Hypertension,,2026-10-10T02:00:00+00:00,52.64,63.02,85.91,7.92,0.907,9463,82.4
62,Synthetic Patient 062,54,F,29.1,128,86,174,107.9,34.8,103,5.1,0,0,0,Hypertension,,2026-10-10T08:00:00+00:00,40.64,73.08,88.98,6.99,0.63,5673,52.0
62,Synthetic Patient 062,54,F,29.1,99,75,174,107.9,34.8,103,5.1,0,0,0,Cardiovascular risk monitoring,,2026-10-10T14:00:00+00:00,66.2,57.37,72.07,8.97,0.846,10886,88.87
62,Synthetic Patient 062,54,F,29.1,127,81,174,107.9,34.8,103,5.1,0,0,0,Hypertension,,2026-10-10T20:00:00+00:00,36.66,68.93,89.76,7.4,0.82,7858,70.42
63,Synthetic Patient 063,69,F,25.6,117,76,249,154.4,49.8,111,5.1,0,1,0,Cardiovascular risk monitoring,,2026-10-10T02:00:00+00:00,49.19,78.53,97.98,8.39,0.832,5341,56.11
63,Synthetic Patient 063,69,F,25.6,126,82,249,154.4,49.8,111,5.1,0,1,0,Hypertension,,2026-10-10T08:00:00+00:00,25.42,88.26,105.35,7.17,0.691,1283,28.21
63,Synthetic Patient 063,69,F,25.6,107,73,249,154.4,49.8,111,5.1,0,1,0,Cardiovascular risk monitoring,,2026-10-10T14:00:00+00:00,62.07,71.23,88.56,8.76,0.925,8580,77.81
63,Synthetic Patient 063,69,F,25.6,117,77,249,154.4,49.8,111,5.1,0,1,0,Cardiovascular risk monitoring,,2026-10-10T20:00:00+00:00,39.49,69.56,80.72,7.65,0.777,2499,37.88
64,Synthetic Patient 064,44,F,25.2,127,76,167,103.5,33.4,105,5.4,0,0,0,Cardiovascular risk monitoring,,2026-10-10T02:00:00+00:00,74.89,72.26,87.34,7.03,0.81,11054,88.79
64,Synthetic Patient 064,44,F,25.2,153,84,167,103.5,33.4,105,5.4,0,0,0,Hypertension,,2026-10-10T08:00:00+00:00,50.95,82.23,98.67,5.26,0.606,8605,68.39
64,Synthetic Patient 064,44,F,25.2,123,69,167,103.5,33.4,105,5.4,0,0,0,Cardiovascular risk monitoring,,2026-10-10T14:00:00+00:00,84.99,65.43,83.4,8.17,0.917,15091,100
64,Synthetic Patient 064,44,F,25.2,129,72,167,103.5,33.4,105,5.4,0,0,0,Cardiovascular risk monitoring,,2026-10-10T20:00:00+00:00,87.61,66.48,83.78,8.26,0.647,12522,92.47
65,Synthetic Patient 065,49,F,19.6,127,72,220,136.4,44.0,94,5.8,0,1,0,Cardiovascular risk monitoring,,2026-10-10T02:00:00+00:00,62.18,71.98,90.9,7.58,0.851,9544,81.22
65,Synthetic Patient 065,49,F,19.6,136,83,220,136.4,44.0,94,5.8,0,1,0,Hypertension,,2026-10-10T08:00:00+00:00,50.88,86.98,98.0,5.87,0.757,5085,52.38
65,Synthetic Patient 065,49,F,19.6,123,70,220,136.4,44.0,94,5.8,0,1,0,Cardiovascular risk monitoring,,2026-10-10T14:00:00+00:00,71.83,66.48,89.63,8.3,0.986,14327,100
65,Synthetic Patient 065,49,F,19.6,143,76,220,136.4,44.0,94,5.8,0,1,0,Hypertension,,2026-10-10T20:00:00+00:00,46.11,62.28,84.48,8.13,0.863,8932,77.99
66,Synthetic Patient 066,51,M,28.0,121,73,220,136.4,44.0,107,5.8,1,0,0,Cardiovascular risk monitoring,,2026-10-10T02:00:00+00:00,68.44,75.28,91.38,7.59,0.878,6368,63.48
66,Synthetic Patient 066,51,M,28.0,134,80,220,136.4,44.0,107,5.8,1,0,0,Hypertension,,2026-10-10T08:00:00+00:00,53.87,85.3,108.01,6.2,0.713,2493,35.93
66,Synthetic Patient 066,51,M,28.0,119,67,220,136.4,44.0,107,5.8,1,0,0,Cardiovascular risk monitoring,,2026-10-10T14:00:00+00:00,73.8,72.97,85.05,8.13,0.947,9185,81.99
66,Synthetic Patient 066,51,M,28.0,143,83,220,136.4,44.0,107,5.8,1,0,0,Hypertension,,2026-10-10T20:00:00+00:00,58.97,85.5,102.61,6.86,0.812,6948,64.89
67,Synthetic Patient 067,44,F,19.2,124,79,222,137.6,44.4,97,5.8,1,0,0,Cardiovascular risk monitoring,,2026-10-10T02:00:00+00:00,60.21,64.84,86.42,7.86,0.876,10640,88.36
67,Synthetic Patient 067,44,F,19.2,142,87,222,137.6,44.4,97,5.8,1,0,0,Hypertension,,2026-10-10T08:00:00+00:00,42.9,73.38,92.58,5.38,0.766,8002,69.65
67,Synthetic Patient 067,44,F,19.2,121,76,222,137.6,44.4,97,5.8,1,0,0,Cardiovascular risk monitoring,,2026-10-10T14:00:00+00:00,67.06,57.63,80.91,8.14,0.913,12300,99.13
67,Synthetic Patient 067,44,F,19.2,129,87,222,137.6,44.4,97,5.8,1,0,0,Hypertension,,2026-10-10T20:00:00+00:00,53.92,69.04,82.27,6.75,0.645,8364,68.14
68,Synthetic Patient 068,41,M,26.8,120,81,182,112.8,36.4,111,5.4,0,0,0,Hypertension,,2026-10-10T02:00:00+00:00,41.86,61.78,75.05,6.56,0.845,8427,74.52
68,Synthetic Patient 068,41,M,26.8,128,97,182,112.8,36.4,111,5.4,0,0,0,Hypertension,,2026-10-10T08:00:00+00:00,23.62,69.66,94.55,5.33,0.596,6572,56.22
68,Synthetic Patient 068,41,M,26.8,113,75,182,112.8,36.4,111,5.4,0,0,0,Cardiovascular risk monitoring,,2026-10-10T14:00:00+00:00,45.93,58.1,76.65,7.66,0.963,12289,100
68,Synthetic Patient 068,41,M,26.8,126,98,182,112.8,36.4,111,5.4,0,0,0,Hypertension,,2026-10-10T20:00:00+00:00,53.33,73.61,85.59,6.89,0.883,6470,64.23
69,Synthetic Patient 069,36,F,25.7,118,75,235,145.7,47.0,113,5.1,0,0,0,Cardiovascular risk monitoring,,2026-10-10T02:00:00+00:00,61.84,59.19,69.82,6.52,0.854,10204,85.15
69,Synthetic Patient 069,36,F,25.7,130,81,235,145.7,47.0,113,5.1,0,0,0,Hypertension,,2026-10-10T08:00:00+00:00,43.55,73.8,95.95,4.47,0.82,6677,63.55
69,Synthetic Patient 069,36,F,25.7,111,72,235,145.7,47.0,113,5.1,0,0,0,Cardiovascular risk monitoring,,2026-10-10T14:00:00+00:00,67.66,53.34,71.61,6.87,0.926,12678,100
69,Synthetic Patient 069,36,F,25.7,117,78,235,145.7,47.0,113,5.1,0,0,0,Cardiovascular risk monitoring,,2026-10-10T20:00:00+00:00,71.16,58.5,73.88,7.84,0.737,12316,93.95
70,Synthetic Patient 070,61,M,24.5,113,69,225,139.5,45.0,113,6.7,1,1,1,Cardiovascular risk monitoring,,2026-10-10T02:00:00+00:00,72.89,69.12,93.11,8.36,0.929,9673,84.28
70,Synthetic Patient 070,61,M,24.5,130,80,225,139.5,45.0,113,6.7,1,1,1,Hypertension,,2026-10-10T08:00:00+00:00,59.62,78.74,92.77,6.55,0.734,7594,66.31
70,Synthetic Patient 070,61,M,24.5,103,65,225,139.5,45.0,113,6.7,1,1,1,Cardiovascular risk monitoring,,2026-10-10T14:00:00+00:00,84.22,64.61,76.11,9.2,0.873,13271,100
70,Synthetic Patient 070,61,M,24.5,102,82,225,139.5,45.0,113,6.7,1,1,1,Hypertension,,2026-10-10T20:00:00+00:00,63.78,63.05,73.1,9.57,0.868,8323,74.59
71,Synthetic Patient 071,59,M,25.8,110,80,242,150.0,48.4,100,5.4,0,0,0,Hypertension,,2026-10-10T02:00:00+00:00,44.89,71.09,86.35,6.84,0.82,7964,71.06
71,Synthetic Patient 071,59,M,25.8,129,93,242,150.0,48.4,100,5.4,0,0,0,Hypertension,,2026-10-10T08:00:00+00:00,33.78,87.65,107.17,5.02,0.669,3668,41.45
71,Synthetic Patient 071,59,M,25.8,103,73,242,150.0,48.4,100,5.4,0,0,0,Cardiovascular risk monitoring,,2026-10-10T14:00:00+00:00,49.91,65.95,76.11,7.42,0.937,10192,87.57
71,Synthetic Patient 071,59,M,25.8,101,94,242,150.0,48.4,100,5.4,0,0,0,Hypertension,,2026-10-10T20:00:00+00:00,56.65,82.07,106.35,7.73,0.724,6822,61.52
72,Synthetic Patient 072,40,M,19.2,112,85,199,123.4,39.8,104,5.2,1,0,0,Hypertension,,2026-10-10T02:00:00+00:00,51.87,73.55,88.87,7.16,0.822,8691,75.35
72,Synthetic Patient 072,40,M,19.2,121,101,199,123.4,39.8,104,5.2,1,0,0,Hypertension,,2026-10-10T08:00:00+00:00,29.9,86.12,107.23,4.66,0.737,5791,55.88
72,Synthetic Patient 072,40,M,19.2,107,81,199,123.4,39.8,104,5.2,1,0,0,Hypertension,,2026-10-10T14:00:00+00:00,65.46,71.09,93.05,7.72,0.928,10955,91.73
72,Synthetic Patient 072,40,M,19.2,101,97,199,123.4,39.8,104,5.2,1,0,0,Hypertension,,2026-10-10T20:00:00+00:00,38.17,67.29,82.02,6.91,0.75,7814,68.07
73,Synthetic Patient 073,46,M,24.1,127,84,234,145.1,46.8,94,5.7,0,0,0,Hypertension,,2026-10-10T02:00:00+00:00,39.29,70.41,85.93,7.41,0.822,5876,58.94
73,Synthetic Patient 073,46,M,24.1,142,95,234,145.1,46.8,94,5.7,0,0,0,Hypertension,,2026-10-10T08:00:00+00:00,28.02,78.51,93.97,5.61,0.786,2195,36.38
73,Synthetic Patient 073,46,M,24.1,125,80,234,145.1,46.8,94,5.7,0,0,0,Hypertension,,2026-10-10T14:00:00+00:00,46.7,63.97,78.64,8.31,0.909,7074,68.54
73,Synthetic Patient 073,46,M,24.1,151,101,234,145.1,46.8,94,5.7,0,0,0,Hypertension,,2026-10-10T20:00:00+00:00,39.26,61.2,82.13,5.61,0.729,5114,51.71
74,Synthetic Patient 074,43,F,30.3,132,84,188,116.6,37.6,99,5.3,1,0,0,Hypertension,,2026-10-10T02:00:00+00:00,71.14,62.43,73.69,8.23,0.901,8422,76.14
74,Synthetic Patient 074,43,F,30.3,150,99,188,116.6,37.6,99,5.3,1,0,0,Hypertension,,2026-10-10T08:00:00+00:00,55.36,68.51,89.84,6.54,0.719,7208,63.61
74,Synthetic Patient 074,43,F,30.3,124,77,188,116.6,37.6,99,5.3,1,0,0,Cardiovascular risk monitoring,,2026-10-10T14:00:00+00:00,81.22,58.32,78.95,8.86,0.916,10027,85.96
74,Synthetic Patient 074,43,F,30.3,146,95,188,116.6,37.6,99,5.3,1,0,0,Hypertension,,2026-10-10T20:00:00+00:00,63.02,65.15,87.0,6.68,0.814,10349,84.79
75,Synthetic Patient 075,70,F,21.0,118,78,248,153.8,49.6,105,5.6,0,1,0,Cardiovascular risk monitoring,,2026-10-10T02:00:00+00:00,71.04,78.84,90.9,7.89,0.874,7210,68.29
75,Synthetic Patient 075,70,F,21.0,138,83,248,153.8,49.6,105,5.6,0,1,0,Hypertension,,2026-10-10T08:00:00+00:00,49.78,90.94,103.12,5.69,0.719,4272,46.49
75,Synthetic Patient 075,70,F,21.0,112,77,248,153.8,49.6,105,5.6,0,1,0,Cardiovascular risk monitoring,,2026-10-10T14:00:00+00:00,79.62,72.46,91.71,8.22,0.893,10919,90.49
75,Synthetic Patient 075,70,F,21.0,121,88,248,153.8,49.6,105,5.6,0,1,0,Hypertension,,2026-10-10T20:00:00+00:00,72.5,73.0,94.34,7.54,0.831,8094,72.15
76,Synthetic Patient 076,30,F,31.2,120,77,200,124.0,40.0,110,5.7,0,0,0,Cardiovascular risk monitoring,,2026-10-10T02:00:00+00:00,38.88,72.6,94.92,7.43,0.891,7962,73.18
76,Synthetic Patient 076,30,F,31.2,138,92,200,124.0,40.0,110,5.7,0,0,0,Hypertension,,2026-10-10T08:00:00+00:00,17.59,87.5,101.05,5.36,0.626,5025,48.09
76,Synthetic Patient 076,30,F,31.2,114,72,200,124.0,40.0,110,5.7,0,0,0,Cardiovascular risk monitoring,,2026-10-10T14:00:00+00:00,52.65,70.45,80.85,7.96,0.841,12295,96.95
76,Synthetic Patient 076,30,F,31.2,117,86,200,124.0,40.0,110,5.7,0,0,0,Hypertension,,2026-10-10T20:00:00+00:00,32.09,76.69,91.52,8.22,0.99,11765,98.33
77,Synthetic Patient 077,57,M,23.2,117,74,197,122.1,39.4,85,5.2,0,0,0,Cardiovascular risk monitoring,,2026-10-10T02:00:00+00:00,73.54,78.14,102.93,7.43,0.913,4344,52.73
77,Synthetic Patient 077,57,M,23.2,137,80,197,122.1,39.4,85,5.2,0,0,0,Hypertension,,2026-10-10T08:00:00+00:00,53.2,86.26,102.95,5.73,0.634,1142,25.68
77,Synthetic Patient 077,57,M,23.2,113,71,197,122.1,39.4,85,5.2,0,0,0,Cardiovascular risk monitoring,,2026-10-10T14:00:00+00:00,84.96,74.57,85.9,8.53,0.922,5460,59.5
77,Synthetic Patient 077,57,M,23.2,138,75,197,122.1,39.4,85,5.2,0,0,0,Hypertension,,2026-10-10T20:00:00+00:00,77.97,77.7,100.24,5.96,0.87,3687,47.6
78,Synthetic Patient 078,56,M,22.7,130,68,168,104.2,33.6,114,5.7,0,0,0,Hypertension,,2026-10-10T02:00:00+00:00,52.75,60.01,78.52,8.34,0.84,8102,72.48
78,Synthetic Patient 078,56,M,22.7,151,82,168,104.2,33.6,114,5.7,0,0,0,Hypertension,,2026-10-10T08:00:00+00:00,36.85,75.04,93.31,6.95,0.673,6175,56.2
78,Synthetic Patient 078,56,M,22.7,120,64,168,104.2,33.6,114,5.7,0,0,0,Cardiovascular risk monitoring,,2026-10-10T14:00:00+00:00,59.16,56.06,66.35,9.29,0.916,12922,100
78,Synthetic Patient 078,56,M,22.7,133,83,168,104.2,33.6,114,5.7,0,0,0,Hypertension,,2026-10-10T20:00:00+00:00,58.85,67.54,79.53,9.9,0.834,7093,66.39
79,Synthetic Patient 079,56,M,33.8,125,80,191,118.4,38.2,91,5.4,0,1,0,Hypertension,,2026-10-10T02:00:00+00:00,44.27,65.74,77.74,6.4,0.921,7214,69.7
79,Synthetic Patient 079,56,M,33.8,145,85,191,118.4,38.2,91,5.4,0,1,0,Hypertension,,2026-10-10T08:00:00+00:00,31.39,72.24,86.38,4.35,0.705,5573,53.66
79,Synthetic Patient 079,56,M,33.8,115,73,191,118.4,38.2,91,5.4,0,1,0,Cardiovascular risk monitoring,,2026-10-10T14:00:00+00:00,48.14,60.23,73.63,6.87,0.98,11361,95.66
79,Synthetic Patient 079,56,M,33.8,151,84,191,118.4,38.2,91,5.4,0,1,0,Hypertension,,2026-10-10T20:00:00+00:00,30.69,63.51,77.31,7.99,0.663,9718,76.59
80,Synthetic Patient 080,70,F,29.2,108,75,211,130.8,42.2,109,5.7,0,0,0,Cardiovascular risk monitoring,,2026-10-10T02:00:00+00:00,57.91,60.32,77.95,6.97,0.83,9750,81.77
80,Synthetic Patient 080,70,F,29.2,128,89,211,130.8,42.2,109,5.7,0,0,0,Hypertension,,2026-10-10T08:00:00+00:00,45.55,76.77,91.85,5.99,0.764,8440,72.15
80,Synthetic Patient 080,70,F,29.2,101,73,211,130.8,42.2,109,5.7,0,0,0,Cardiovascular risk monitoring,,2026-10-10T14:00:00+00:00,63.95,56.83,80.84,7.87,0.935,11860,97.22
80,Synthetic Patient 080,70,F,29.2,118,70,211,130.8,42.2,109,5.7,0,0,0,Cardiovascular risk monitoring,,2026-10-10T20:00:00+00:00,66.79,71.66,86.92,8.71,0.973,12011,99.24
81,Synthetic Patient 081,42,F,26.5,110,77,168,104.2,33.6,97,5.8,0,0,0,Cardiovascular risk monitoring,,2026-10-10T02:00:00+00:00,58.99,61.28,72.26,6.84,0.903,5987,62.02
81,Synthetic Patient 081,42,F,26.5,118,86,168,104.2,33.6,97,5.8,0,0,0,Hypertension,,2026-10-10T08:00:00+00:00,38.62,71.22,89.65,4.3,0.751,3321,41.91
81,Synthetic Patient 081,42,F,26.5,104,76,168,104.2,33.6,97,5.8,0,0,0,Cardiovascular risk monitoring,,2026-10-10T14:00:00+00:00,65.33,58.79,74.33,7.22,0.889,8910,78.65
81,Synthetic Patient 081,42,F,26.5,131,80,168,104.2,33.6,97,5.8,0,0,0,Hypertension,,2026-10-10T20:00:00+00:00,65.22,66.96,87.2,6.52,0.73,6261,58.41
82,Synthetic Patient 082,74,M,22.6,125,77,164,101.7,32.8,110,5.2,0,0,0,Cardiovascular risk monitoring,,2026-10-10T02:00:00+00:00,47.55,71.23,93.22,7.06,0.832,5037,54.34
82,Synthetic Patient 082,74,M,22.6,139,89,164,101.7,32.8,110,5.2,0,0,0,Hypertension,,2026-10-10T08:00:00+00:00,36.32,87.51,100.8,4.93,0.762,1677,32.64
82,Synthetic Patient 082,74,M,22.6,119,73,164,101.7,32.8,110,5.2,0,0,0,Cardiovascular risk monitoring,,2026-10-10T14:00:00+00:00,56.4,68.3,86.29,7.27,0.868,6197,62.2
82,Synthetic Patient 082,74,M,22.6,135,72,164,101.7,32.8,110,5.2,0,0,0,Hypertension,,2026-10-10T20:00:00+00:00,62.37,65.6,85.54,5.47,0.922,6445,65.26
83,Synthetic Patient 083,34,M,33.6,127,70,215,133.3,43.0,128,7.6,0,0,1,Cardiovascular risk monitoring,,2026-10-10T02:00:00+00:00,70.21,61.98,85.55,6.88,0.902,8703,77.84
83,Synthetic Patient 083,34,M,33.6,138,77,215,133.3,43.0,128,7.6,0,0,1,Hypertension,,2026-10-10T08:00:00+00:00,51.86,68.3,92.56,4.38,0.666,5234,50.51
83,Synthetic Patient 083,34,M,33.6,120,66,215,133.3,43.0,128,7.6,0,0,1,Cardiovascular risk monitoring,,2026-10-10T14:00:00+00:00,80.13,59.53,84.06,7.2,0.974,12517,100
83,Synthetic Patient 083,34,M,33.6,129,78,215,133.3,43.0,128,7.6,0,0,1,Cardiovascular risk monitoring,,2026-10-10T20:00:00+00:00,61.04,51.61,68.49,5.9,0.895,6587,65.28
84,Synthetic Patient 084,47,M,26.3,130,69,174,107.9,34.8,115,7.2,1,0,1,Hypertension,,2026-10-10T02:00:00+00:00,50.02,63.57,76.19,8.34,0.818,9251,78.51
84,Synthetic Patient 084,47,M,26.3,150,80,174,107.9,34.8,115,7.2,1,0,1,Hypertension,,2026-10-10T08:00:00+00:00,33.03,79.92,104.48,5.94,0.775,6635,61.96
84,Synthetic Patient 084,47,M,26.3,124,68,174,107.9,34.8,115,7.2,1,0,1,Cardiovascular risk monitoring,,2026-10-10T14:00:00+00:00,58.11,57.49,70.14,9.12,0.91,11790,96.08
84,Synthetic Patient 084,47,M,26.3,137,67,174,107.9,34.8,115,7.2,1,0,1,Hypertension,,2026-10-10T20:00:00+00:00,61.01,72.81,84.66,9.56,0.791,7610,68.12
85,Synthetic Patient 085,78,M,26.0,114,86,192,119.0,38.4,123,7.1,0,0,1,Hypertension,,2026-10-10T02:00:00+00:00,50.1,62.57,84.71,8.36,0.83,10367,85.38
85,Synthetic Patient 085,78,M,26.0,135,98,192,119.0,38.4,123,7.1,0,0,1,Hypertension,,2026-10-10T08:00:00+00:00,36.34,73.51,92.22,6.74,0.681,7323,63.14
85,Synthetic Patient 085,78,M,26.0,111,80,192,119.0,38.4,123,7.1,0,0,1,Hypertension,,2026-10-10T14:00:00+00:00,54.34,56.07,72.45,9.46,0.935,12428,100
85,Synthetic Patient 085,78,M,26.0,110,82,192,119.0,38.4,123,7.1,0,0,1,Hypertension,,2026-10-10T20:00:00+00:00,45.23,68.01,86.58,8.65,0.712,13108,97.83
86,Synthetic Patient 086,77,F,28.8,109,77,224,138.9,44.8,111,5.6,0,0,0,Cardiovascular risk monitoring,,2026-10-10T02:00:00+00:00,61.76,64.53,84.5,7.06,0.873,7937,72.49
86,Synthetic Patient 086,77,F,28.8,126,83,224,138.9,44.8,111,5.6,0,0,0,Hypertension,,2026-10-10T08:00:00+00:00,50.1,78.63,91.5,4.99,0.716,6163,57.42
86,Synthetic Patient 086,77,F,28.8,107,73,224,138.9,44.8,111,5.6,0,0,0,Cardiovascular risk monitoring,,2026-10-10T14:00:00+00:00,74.1,58.89,73.11,7.85,0.935,9869,85.62
86,Synthetic Patient 086,77,F,28.8,120,91,224,138.9,44.8,111,5.6,0,0,0,Hypertension,,2026-10-10T20:00:00+00:00,67.48,64.2,79.71,6.66,0.766,11529,90.23
87,Synthetic Patient 087,52,F,31.8,125,68,222,137.6,44.4,105,5.8,0,1,0,Cardiovascular risk monitoring,,2026-10-10T02:00:00+00:00,39.99,70.16,87.5,7.29,0.853,10607,87.46
87,Synthetic Patient 087,52,F,31.8,150,75,222,137.6,44.4,105,5.8,0,1,0,Hypertension,,2026-10-10T08:00:00+00:00,20.1,80.77,104.83,5.23,0.757,7822,68.34
87,Synthetic Patient 087,52,F,31.8,118,65,222,137.6,44.4,105,5.8,0,1,0,Cardiovascular risk monitoring,,2026-10-10T14:00:00+00:00,43.93,65.23,81.41,7.83,0.91,14593,100
87,Synthetic Patient 087,52,F,31.8,118,76,222,137.6,44.4,105,5.8,0,1,0,Cardiovascular risk monitoring,,2026-10-10T20:00:00+00:00,28.82,75.52,92.19,6.51,0.864,8201,73.76
88,Synthetic Patient 088,71,F,32.8,111,74,246,152.5,49.2,88,5.4,0,0,0,Cardiovascular risk monitoring,,2026-10-10T02:00:00+00:00,74.29,57.2,79.04,6.38,0.926,11452,94.58
88,Synthetic Patient 088,71,F,32.8,125,81,246,152.5,49.2,88,5.4,0,0,0,Hypertension,,2026-10-10T08:00:00+00:00,53.86,66.25,85.75,4.99,0.722,8502,71.24
88,Synthetic Patient 088,71,F,32.8,103,73,246,152.5,49.2,88,5.4,0,0,0,Cardiovascular risk monitoring,,2026-10-10T14:00:00+00:00,83.39,52.77,71.24,6.92,0.937,16240,100
88,Synthetic Patient 088,71,F,32.8,102,70,246,152.5,49.2,88,5.4,0,0,0,Cardiovascular risk monitoring,,2026-10-10T20:00:00+00:00,74.25,46.73,69.42,7.83,0.926,14384,100
89,Synthetic Patient 089,71,F,21.1,114,85,205,127.1,41.0,94,5.3,0,0,0,Hypertension,,2026-10-10T02:00:00+00:00,54.44,58.97,74.9,7.09,0.865,6514,63.95
89,Synthetic Patient 089,71,F,21.1,128,89,205,127.1,41.0,94,5.3,0,0,0,Hypertension,,2026-10-10T08:00:00+00:00,33.75,73.3,97.72,5.53,0.677,2705,36.09
89,Synthetic Patient 089,71,F,21.1,109,80,205,127.1,41.0,94,5.3,0,0,0,Hypertension,,2026-10-10T14:00:00+00:00,66.2,53.83,65.55,7.49,0.918,8853,79.17
89,Synthetic Patient 089,71,F,21.1,132,89,205,127.1,41.0,94,5.3,0,0,0,Hypertension,,2026-10-10T20:00:00+00:00,64.8,65.28,83.33,8.89,0.772,6631,61.84
90,Synthetic Patient 090,68,M,28.2,130,81,249,154.4,49.8,93,5.9,1,0,0,Hypertension,,2026-10-10T02:00:00+00:00,67.82,69.1,79.28,8.1,0.84,9559,80.98
90,Synthetic Patient 090,68,M,28.2,145,88,249,154.4,49.8,93,5.9,1,0,0,Hypertension,,2026-10-10T08:00:00+00:00,54.22,76.14,87.62,5.63,0.81,6486,62.14
90,Synthetic Patient 090,68,M,28.2,122,80,249,154.4,49.8,93,5.9,1,0,0,Hypertension,,2026-10-10T14:00:00+00:00,75.28,65.65,79.72,8.75,0.882,12761,100
90,Synthetic Patient 090,68,M,28.2,123,89,249,154.4,49.8,93,5.9,1,0,0,Hypertension,,2026-10-10T20:00:00+00:00,74.52,67.32,82.55,9.2,0.852,6473,63.31
91,Synthetic Patient 091,41,F,22.5,132,73,213,132.1,42.6,114,5.6,0,1,0,Hypertension,,2026-10-10T02:00:00+00:00,70.47,72.85,85.42,8.03,0.843,9185,78.86
91,Synthetic Patient 091,41,F,22.5,149,86,213,132.1,42.6,114,5.6,0,1,0,Hypertension,,2026-10-10T08:00:00+00:00,47.82,82.36,94.04,7.22,0.676,5563,52.73
91,Synthetic Patient 091,41,F,22.5,122,69,213,132.1,42.6,114,5.6,0,1,0,Cardiovascular risk monitoring,,2026-10-10T14:00:00+00:00,83.79,70.16,91.29,9.18,0.936,14075,100
91,Synthetic Patient 091,41,F,22.5,156,67,213,132.1,42.6,114,5.6,0,1,0,Hypertension,,2026-10-10T20:00:00+00:00,66.23,79.56,99.02,8.06,0.884,6609,65.08
92,Synthetic Patient 092,59,M,24.4,110,78,190,117.8,38.0,113,5.5,0,0,0,Cardiovascular risk monitoring,,2026-10-10T02:00:00+00:00,64.06,59.62,77.42,6.42,0.918,10591,89.32
92,Synthetic Patient 092,59,M,24.4,127,86,190,117.8,38.0,113,5.5,0,0,0,Hypertension,,2026-10-10T08:00:00+00:00,52.62,72.96,93.38,4.75,0.676,6694,59.32
92,Synthetic Patient 092,59,M,24.4,104,76,190,117.8,38.0,113,5.5,0,0,0,Cardiovascular risk monitoring,,2026-10-10T14:00:00+00:00,69.06,53.05,75.2,7.37,0.979,13495,100
92,Synthetic Patient 092,59,M,24.4,104,94,190,117.8,38.0,113,5.5,0,0,0,Hypertension,,2026-10-10T20:00:00+00:00,53.16,62.88,74.73,5.03,0.785,9022,76.18
93,Synthetic Patient 093,66,M,33.6,115,74,196,121.5,39.2,104,5.0,0,1,0,Cardiovascular risk monitoring,,2026-10-10T02:00:00+00:00,67.5,63.13,83.32,8.37,0.846,9649,81.65
93,Synthetic Patient 093,66,M,33.6,138,83,196,121.5,39.2,104,5.0,0,1,0,Hypertension,,2026-10-10T08:00:00+00:00,43.69,76.23,87.57,7.41,0.776,5552,55.66
93,Synthetic Patient 093,66,M,33.6,113,70,196,121.5,39.2,104,5.0,0,1,0,Cardiovascular risk monitoring,,2026-10-10T14:00:00+00:00,78.29,57.57,76.85,8.78,0.99,12675,100
93,Synthetic Patient 093,66,M,33.6,128,69,196,121.5,39.2,104,5.0,0,1,0,Cardiovascular risk monitoring,,2026-10-10T20:00:00+00:00,79.09,54.74,65.45,8.3,0.708,12114,91.92
94,Synthetic Patient 094,47,M,31.9,120,66,171,106.0,34.2,90,5.9,0,0,0,Cardiovascular risk monitoring,,2026-10-10T02:00:00+00:00,38.29,69.3,90.65,6.45,0.836,10740,87.73
94,Synthetic Patient 094,47,M,31.9,141,75,171,106.0,34.2,90,5.9,0,0,0,Hypertension,,2026-10-10T08:00:00+00:00,17.6,80.76,92.43,5.36,0.69,8419,69.82
94,Synthetic Patient 094,47,M,31.9,111,65,171,106.0,34.2,90,5.9,0,0,0,Cardiovascular risk monitoring,,2026-10-10T14:00:00+00:00,50.11,63.6,82.37,6.88,0.905,12451,99.77
94,Synthetic Patient 094,47,M,31.9,129,60,171,106.0,34.2,90,5.9,0,0,0,Cardiovascular risk monitoring,,2026-10-10T20:00:00+00:00,35.89,80.25,102.57,5.04,0.97,9813,86.35
95,Synthetic Patient 095,70,M,24.0,112,66,160,99.2,32.0,115,6.1,1,0,1,Cardiovascular risk monitoring,,2026-10-10T02:00:00+00:00,39.93,73.55,96.06,7.55,0.86,7536,69.77
95,Synthetic Patient 095,70,M,24.0,124,70,160,99.2,32.0,115,6.1,1,0,1,Cardiovascular risk monitoring,,2026-10-10T08:00:00+00:00,22.96,87.56,107.41,5.24,0.755,6188,58.75
95,Synthetic Patient 095,70,M,24.0,102,60,160,99.2,32.0,115,6.1,1,0,1,Cardiovascular risk monitoring,,2026-10-10T14:00:00+00:00,53.01,69.98,89.35,7.98,0.926,12347,99.81
95,Synthetic Patient 095,70,M,24.0,121,82,160,99.2,32.0,115,6.1,1,0,1,Hypertension,,2026-10-10T20:00:00+00:00,49.22,63.64,80.78,5.45,0.733,5152,52.03
96,Synthetic Patient 096,53,M,26.2,114,67,159,98.6,31.8,125,7.4,1,0,1,Cardiovascular risk monitoring,,2026-10-10T02:00:00+00:00,41.66,66.25,86.83,7.79,0.81,10492,85.5
96,Synthetic Patient 096,53,M,26.2,135,77,159,98.6,31.8,125,7.4,1,0,1,Hypertension,,2026-10-10T08:00:00+00:00,26.21,74.29,97.81,5.92,0.711,7663,66.04
96,Synthetic Patient 096,53,M,26.2,106,64,159,98.6,31.8,125,7.4,1,0,1,Cardiovascular risk monitoring,,2026-10-10T14:00:00+00:00,51.7,61.07,73.03,8.46,0.949,14736,100
96,Synthetic Patient 096,53,M,26.2,130,76,159,98.6,31.8,125,7.4,1,0,1,Hypertension,,2026-10-10T20:00:00+00:00,58.15,66.06,86.75,6.73,0.804,7123,65.69
97,Synthetic Patient 097,55,M,22.8,110,68,194,120.3,38.8,105,6.6,1,0,1,Cardiovascular risk monitoring,,2026-10-10T02:00:00+00:00,49.61,70.86,94.33,6.31,0.886,3557,47.33
97,Synthetic Patient 097,55,M,22.8,131,76,194,120.3,38.8,105,6.6,1,0,1,Hypertension,,2026-10-10T08:00:00+00:00,38.59,81.01,99.2,4.33,0.683,2269,33.74
97,Synthetic Patient 097,55,M,22.8,103,67,194,120.3,38.8,105,6.6,1,0,1,Cardiovascular risk monitoring,,2026-10-10T14:00:00+00:00,56.64,63.72,81.16,6.83,0.888,4915,55.32
97,Synthetic Patient 097,55,M,22.8,111,78,194,120.3,38.8,105,6.6,1,0,1,Cardiovascular risk monitoring,,2026-10-10T20:00:00+00:00,50.12,80.85,98.21,7.34,0.903,1226,34.25
98,Synthetic Patient 098,78,F,26.1,110,79,180,111.6,36.0,100,5.3,1,0,0,Cardiovascular risk monitoring,,2026-10-10T02:00:00+00:00,39.71,76.57,93.92,6.59,0.888,7107,68.1
98,Synthetic Patient 098,78,F,26.1,124,95,180,111.6,36.0,100,5.3,1,0,0,Hypertension,,2026-10-10T08:00:00+00:00,21.77,89.98,111.16,4.0,0.825,2661,40.29
98,Synthetic Patient 098,78,F,26.1,105,78,180,111.6,36.0,100,5.3,1,0,0,Cardiovascular risk monitoring,,2026-10-10T14:00:00+00:00,44.62,69.69,87.19,6.93,0.941,8581,78.3
98,Synthetic Patient 098,78,F,26.1,98,80,180,111.6,36.0,100,5.3,1,0,0,Hypertension,,2026-10-10T20:00:00+00:00,27.78,79.85,103.31,8.12,0.654,5828,53.63
99,Synthetic Patient 099,39,M,31.4,122,81,166,102.9,33.2,85,5.7,0,0,0,Hypertension,,2026-10-10T02:00:00+00:00,44.44,70.08,89.57,7.37,0.836,9518,80.59
99,Synthetic Patient 099,39,M,31.4,135,87,166,102.9,33.2,85,5.7,0,0,0,Hypertension,,2026-10-10T08:00:00+00:00,26.52,86.48,101.04,5.08,0.782,6981,64.19
99,Synthetic Patient 099,39,M,31.4,116,74,166,102.9,33.2,85,5.7,0,0,0,Cardiovascular risk monitoring,,2026-10-10T14:00:00+00:00,57.56,67.79,87.44,8.29,0.855,14447,100
99,Synthetic Patient 099,39,M,31.4,141,74,166,102.9,33.2,85,5.7,0,0,0,Hypertension,,2026-10-10T20:00:00+00:00,41.25,69.46,89.02,7.2,0.752,12038,92.78
100,Synthetic Patient 100,38,M,34.8,129,69,162,100.4,32.4,101,5.1,0,0,0,Cardiovascular risk monitoring,,2026-10-10T02:00:00+00:00,70.68,70.08,80.67,6.52,0.857,5892,60.07
100,Synthetic Patient 100,38,M,34.8,146,83,162,100.4,32.4,101,5.1,0,0,0,Hypertension,,2026-10-10T08:00:00+00:00,51.94,76.57,99.29,4.92,0.669,2635,35.43
100,Synthetic Patient 100,38,M,34.8,119,66,162,100.4,32.4,101,5.1,0,0,0,Cardiovascular risk monitoring,,2026-10-10T14:00:00+00:00,80.01,64.1,74.15,7.27,0.948,9315,82.77
100,Synthetic Patient 100,38,M,34.8,151,62,162,100.4,32.4,101,5.1,0,0,0,Hypertension,,2026-10-10T20:00:00+00:00,71.17,67.48,92.44,5.93,0.893,3307,46.07
