patient_id,age,sex,bmi,systolic_bp,diastolic_bp,cholesterol,family_history,smoker,diabetes
1,63,M,26.92,139,95,153.9,0,0,1
2,56,M,25.53,140,77,169.7,1,0,0
3,67,F,21.1,127,80,134.3,0,0,0
4,75,M,24.98,147,84,163.8,0,1,0
5,67,F,22.37,109,78,169.8,0,0,0
6,58,F,30.6,134,80,175.5,0,0,0
7,41,F,23.8,116,71,120.4,1,1,1
8,41,F,31.26,144,79,164.2,1,0,0
9,52,M,26.72,151,94,130.9,0,0,0
10,65,M,29.02,156,81,240.8,0,0,1
11,40,F,31.88,119,86,216.5,1,0,0
12,85,M,29.61,150,84,197.0,1,0,0
13,49,M,26.12,110,71,190.4,0,0,0
14,43,F,26.82,138,100,192.1,1,0,0
15,57,M,20.47,124,81,229.3,0,0,0
16,40,F,30.72,113,74,213.1,0,0,0
17,65,F,36.7,124,85,253.7,0,0,0
18,58,F,20.99,133,71,202.6,0,0,0
19,53,M,23.78,135,67,150.0,1,0,0
20,66,M,26.14,128,67,227.7,1,0,0
21,61,F,28.96,142,93,121.3,0,0,0
22,72,F,35.34,139,70,209.0,0,1,0
23,67,M,32.83,116,93,208.2,0,0,0
24,85,F,31.19,128,94,204.8,0,0,0
25,65,M,23.9,155,85,123.6,0,0,0
26,55,M,29.49,130,73,133.0,0,0,1
27,66,F,27.89,142,71,140.3,1,0,0
28,48,M,23.47,154,91,164.9,0,0,0
29,64,M,42.0,123,80,131.4,0,0,1
30,82,F,30.38,106,77,224.1,1,0,0
31,64,F,22.16,125,86,244.2,1,1,0
32,49,F,31.9,121,77,127.6,1,1,0
33,64,M,31.14,107,78,192.4,0,0,0
34,64,M,21.12,124,94,161.2,1,1,1
35,55,F,35.36,143,87,169.2,0,1,0
36,32,F,26.96,124,82,268.2,0,0,1
37,60,M,24.98,137,91,207.3,0,1,0
38,70,M,26.86,141,84,164.2,1,0,0
39,50,M,26.01,140,80,182.8,0,0,0
40,51,F,19.99,112,75,226.7,0,0,0
41,67,M,30.92,142,60,120.0,1,1,1
42,57,M,28.86,129,82,206.8,0,0,0
43,72,F,22.47,161,86,189.2,0,0,0
44,58,M,29.85,145,93,169.3,0,0,0
45,49,M,26.6,155,73,158.3,0,0,0
46,43,F,28.86,118,87,239.6,0,0,0
47,53,F,29.42,101,87,180.1,0,1,1
48,61,M,25.69,161,94,249.6,0,1,0
49,84,F,24.11,139,71,138.7,1,0,0
50,51,M,28.94,162,91,165.8,0,1,0
51,66,F,33.7,112,83,235.0,0,0,0
52,52,F,28.93,130,84,195.8,0,0,0
53,58,M,27.7,146,90,138.7,1,0,0
54,50,F,30.49,114,66,230.7,1,0,0
55,59,F,34.02,122,107,234.9,0,0,0
56,53,F,20.23,155,90,181.2,1,0,0
57,77,M,21.7,147,88,228.4,0,1,1
58,56,F,18.82,130,68,209.4,1,1,1
59,44,F,29.55,147,79,202.4,0,1,0
60,58,F,24.07,123,67,179.3,1,0,0
61,49,F,28.4,125,71,192.4,0,0,0
62,48,F,21.14,153,98,177.3,1,0,0
63,58,M,31.57,113,65,196.3,1,0,0
64,52,F,24.25,126,84,217.9,0,0,0
65,58,F,23.88,165,95,120.0,1,0,0
66,70,M,21.63,141,75,169.0,1,0,1
67,28,F,30.38,144,83,248.8,0,0,0
68,57,F,31.42,119,76,150.9,0,0,0
69,61,F,23.7,132,73,179.1,0,0,0
70,63,M,31.73,122,90,146.5,0,0,0
71,36,M,23.16,139,88,209.9,0,1,0
72,56,M,29.55,157,80,190.0,0,1,1
73,62,M,25.73,143,84,214.7,0,0,0
74,37,F,19.64,126,82,244.7,1,0,0
75,68,M,27.9,95,96,228.5,0,1,0
76,47,M,31.56,133,77,200.1,1,1,0
77,58,F,25.49,158,81,189.0,1,0,0
78,46,M,25.63,138,89,153.7,0,0,0
79,38,M,28.68,113,75,127.2,0,0,1
80,50,F,26.65,132,99,206.7,0,0,1
81,80,F,33.15,126,77,171.9,0,0,0
82,52,M,20.39,156,80,171.1,0,1,0
83,68,M,18.0,130,90,215.4,0,1,0
84,57,F,27.47,110,90,180.5,1,0,0
85,54,F,22.85,110,83,148.9,0,0,0
86,44,F,25.09,123,81,167.0,0,1,0
87,74,F,18.0,122,60,173.5,1,1,0
88,60,F,31.0,110,78,183.6,1,0,0
89,66,M,22.76,104,92,219.7,0,0,0
90,60,F,30.49,139,78,226.6,0,1,0
91,37,F,34.91,135,89,221.2,1,1,0
92,51,M,32.74,97,64,166.9,0,0,1
93,57,F,32.13,110,80,265.7,0,0,0
94,28,M,28.22,129,82,198.2,1,0,1
95,38,M,29.82,130,60,166.4,1,0,0
96,61,M,34.31,157,71,203.9,0,0,0
97,50,F,27.61,134,79,214.9,0,0,0
98,56,M,29.57,134,73,210.5,1,0,0
99,57,M,24.73,137,71,120.0,1,0,0
100,53,F,20.96,125,86,204.6,0,0,0
101,49,M,26.46,135,101,210.2,0,0,0
102,73,F,27.21,105,86,193.3,1,0,0
103,63,F,26.6,153,78,233.5,0,0,0
104,28,F,23.12,152,79,190.7,1,0,0
105,70,F,21.26,148,80,147.7,0,1,1
106,29,F,25.33,154,104,173.3,0,0,0
107,37,M,20.11,102,79,201.9,0,0,0
108,66,M,19.38,112,71,209.9,0,0,1
109,69,F,26.6,145,84,180.8,0,1,0
110,50,F,24.82,123,75,166.6,0,0,1
111,53,F,22.57,134,81,183.0,0,0,1
112,69,F,23.97,134,78,206.4,1,0,0
113,61,F,28.9,134,84,152.2,1,0,1
114,47,F,25.33,135,81,227.6,0,0,0
115,73,M,22.75,138,88,224.6,1,1,1
116,58,M,29.61,145,92,239.6,0,1,0
117,55,M,28.12,135,80,157.6,1,1,0
118,68,M,21.79,143,88,261.7,0,1,0
119,64,M,27.7,113,78,213.0,1,0,0
120,66,F,25.98,134,63,219.8,0,1,0
121,51,M,29.08,121,80,170.3,0,0,1
122,71,F,21.42,96,86,168.4,0,1,1
123,71,M,33.0,102,76,226.7,0,1,0
124,46,F,31.49,126,87,185.0,1,0,0
125,64,F,29.38,140,79,243.3,1,0,0
126,76,F,28.04,121,90,163.2,1,0,1
127,55,F,24.61,151,89,218.9,1,1,0
128,68,M,37.59,131,87,248.4,1,0,0
129,55,M,24.64,124,92,208.1,0,1,0
130,46,F,33.38,146,82,163.4,0,0,0
131,51,M,32.07,165,79,261.5,0,0,1
132,72,F,25.95,135,71,167.5,0,0,0
133,78,F,29.33,140,62,156.5,0,1,0
134,57,M,26.42,105,85,208.7,0,0,0
135,39,M,35.91,157,66,232.1,0,0,0
136,63,M,29.74,111,95,213.2,1,0,0
137,51,F,24.68,95,85,182.2,1,0,0
138,49,M,32.32,104,78,146.8,0,0,0
139,71,F,24.53,109,76,201.2,0,0,0
140,54,F,26.41,151,88,137.3,0,1,1
141,54,M,36.22,124,99,192.1,0,1,0
142,71,M,30.56,132,89,183.2,1,0,1
143,59,M,29.4,107,87,120.0,0,1,1
144,61,F,23.56,142,84,163.2,0,0,1
145,68,F,29.58,130,81,209.4,0,0,1
146,51,M,32.14,150,88,146.0,0,0,1
147,70,M,26.44,127,76,196.6,0,0,0
148,48,F,30.53,142,94,176.9,1,0,1
149,44,M,21.45,99,92,263.4,0,0,1
150,71,M,34.4,148,75,264.8,1,0,0
151,52,F,27.42,105,83,120.0,0,0,0
152,51,M,26.44,138,80,205.4,1,0,0
153,46,M,22.86,171,91,194.9,0,0,0
154,52,F,29.81,116,83,139.3,0,1,0
155,74,M,27.18,139,60,194.7,0,0,0
156,85,F,32.33,127,79,212.3,1,0,0
157,54,F,32.74,141,88,177.4,1,1,0
158,44,M,26.72,129,82,180.9,0,0,0
159,75,F,20.42,125,75,244.5,0,0,0
160,69,M,28.77,123,65,205.7,1,1,0
161,51,M,23.24,150,66,229.3,0,1,0
162,55,F,28.89,145,62,199.1,1,0,0
163,66,F,35.68,100,75,157.1,0,0,0
164,59,M,23.66,133,97,175.3,1,0,0
165,44,M,26.17,145,89,213.1,1,0,0
166,44,F,28.06,129,89,219.5,1,0,0
167,49,M,26.5,132,65,166.7,0,0,1
168,67,F,28.56,131,78,202.2,0,1,0
169,69,F,26.28,120,86,206.2,1,1,1
170,51,M,27.62,131,92,202.6,1,0,0
171,85,F,26.24,123,91,158.0,0,0,0
172,62,M,29.63,132,63,163.4,0,0,1
173,43,F,30.02,105,94,226.0,1,1,0
174,33,F,28.12,126,75,175.4,0,1,0
175,39,F,31.33,147,86,216.7,0,0,0
176,66,M,32.57,126,90,212.7,1,0,0
177,51,M,29.15,107,92,200.6,1,1,1
178,70,M,28.0,116,93,180.5,1,0,1
179,72,F,23.88,139,94,175.3,0,1,1
180,70,F,32.3,114,66,171.8,0,1,0
181,83,F,24.96,116,60,198.8,0,0,1
182,54,F,35.96,134,78,192.5,1,1,0
183,48,F,32.96,114,64,229.9,1,0,1
184,60,F,30.05,152,69,168.4,1,0,0
185,63,F,36.59,127,88,183.4,1,0,0
186,45,F,29.76,149,78,156.6,0,1,0
187,37,M,19.32,123,74,193.4,0,1,0
188,64,F,28.78,136,90,157.5,0,0,0
189,65,M,32.43,149,74,196.3,0,1,0
190,37,F,25.28,141,94,186.7,0,0,0
191,35,M,27.83,148,84,144.2,0,0,0
192,55,M,32.91,125,84,137.0,0,0,1
193,72,F,24.94,151,82,196.9,1,0,0
194,61,F,23.77,125,89,173.0,0,0,0
195,65,M,28.92,138,73,171.4,0,0,0
196,43,M,28.03,120,100,252.0,0,0,0
197,67,M,25.19,116,85,223.4,0,1,0
198,68,M,22.7,128,74,120.7,1,1,0
199,60,M,29.92,130,104,205.1,0,0,0
200,46,F,22.24,137,67,144.9,1,1,0
